:020000040800F2
:10000000000002208944000891380008993800084F
:10001000A1380008A9380008B13800080000000025
:10002000000000000000000000000000B9380008D7
:10003000C738000800000000D5380008E338000881
:10004000D9440008D9440008D9440008D94400081C
:10005000D9440008D9440008D9440008D94400080C
:10006000D9440008D9440008D9440008F1380008F0
:1000700005390008D944000819390008D944000896
:100080002D39000841390008D9440008D944000836
:10009000D9440008D9440008D9440008D9440008CC
:1000A000D9440008D9440008D9440008D9440008BC
:1000B000D9440008D9440008D9440008553900083B
:1000C00069390008D9440008D9440008D944000817
:1000D000D94400087D39000891390008A539000885
:1000E000D9440008D9440008D9440008D94400087C
:1000F000D9440008D9440008D9440008B939000897
:10010000D9440008D9440008D9440008D94400085B
:10011000D9440008D9440008D9440008D94400084B
:10012000D9440008D9440008CD390008D944000852
:10013000D94400080000000000000000D944000875
:10014000D9440008D9440008D9440008E13900081E
:10015000D9440008F5390008D9440008093A0008D4
:10016000D9440008D9440008D9440008D9440008FB
:10017000D9440008D9440008000000000000000035
:08018000D9440008D94400082D
:1001900010B5054C237833B9044B13B10448AFF3C1
:1001A00000800123237010BDFC020020000000002D
:1001B000005F010808B5034B1BB103490348AFF3C7
:1001C000008008BD0000000000030020005F01085F
:1001D00001F0FF01102A2BDB10F0070F08D010F8F8
:1001E000013B013A8B422DD010F0070F42B3F6D1FC
:1001F000F0B441EA012141EA014122F007047FF015
:1002000000070023F0E80256083C85EA010586EA6B
:10021000010685FA47F5A3FA87F586FA47F6A5FAA7
:1002200087F68EB9EED1F0BC01F0FF0102F00702B3
:1002300032B110F8013B013A83EA010313B1F8D15E
:100240000020704701387047002D06BF354603383F
:10025000073815F0010F07D1013015F4807F02BF78
:10026000013015F4C03F0130F0BC0138704700BFC9
:10027000034613F8012B002AFBD1181A01387047E6
:1002800081F0004102E000BF83F0004330B54FEA47
:1002900041044FEA430594EA050F08BF90EA020FB4
:1002A0001FBF54EA000C55EA020C7FEA645C7FEA47
:1002B000655C00F0E2804FEA5454D4EB5555B8BF6A
:1002C0006D420CDD2C4480EA020281EA030382EADB
:1002D000000083EA010180EA020281EA0303362D6D
:1002E00088BF30BD11F0004F4FEA01314FF4801C40
:1002F0004CEA113102D0404261EB410113F0004F52
:100300004FEA03334CEA133302D0524263EB430308
:1003100094EA050F00F0A780A4F10104D5F1200EA6
:100320000DDB02FA0EFC22FA05F2801841F1000101
:1003300003FA0EF2801843FA05F359410EE0A5F1D5
:1003400020050EF1200E012A03FA0EFC28BF4CF006
:10035000020C43FA05F3C01851EBE37101F00045BC
:1003600007D54FF0000EDCF1000C7EEB00006EEBC9
:100370000101B1F5801F1BD3B1F5001F0CD3490853
:100380005FEA30004FEA3C0C04F101044FEA4452AA
:1003900012F5800F80F09A80BCF1004F08BF5FEA31
:1003A000500C50F1000041EB045141EA050130BD11
:1003B0005FEA4C0C404141EB0101013C28BFB1F523
:1003C000801FE9D291F0000F04BF01460020B1FA6E
:1003D00081F308BF2033A3F10B03B3F120020CDA41
:1003E0000C3208DD02F1140CC2F10C0201FA0CF01F
:1003F00021FA02F10CE002F11402D8BFC2F1200C84
:1004000001FA02F120FA0CFCDCBF41EA0C01904039
:10041000E41AA2BF01EB0451294330BD6FEA040482
:100420001F3C1CDA0C340EDC04F11404C4F120026D
:1004300020FA04F001FA02F340EA030021FA04F37F
:1004400045EA030130BDC4F10C04C4F1200220FAD6
:1004500002F001FA04F340EA0300294630BD21FA14
:1004600004F0294630BD94F0000F83F4801306BFDA
:1004700081F480110134013D4EE77FEA645C18BFCE
:100480007FEA655C29D094EA050F08BF90EA020F65
:1004900005D054EA000C04BF1946104630BD91EA5D
:1004A000030F1EBF0021002030BD5FEA545C05D160
:1004B0004000494128BF41F0004130BD14F580049F
:1004C0003CBF01F5801130BD01F0004545F0FE4113
:1004D00041F470014FF0000030BD7FEA645C1ABF48
:1004E000194610467FEA655C1CBF0B46024650EA7F
:1004F000013406BF52EA033591EA030F41F40021AB
:1005000030BD00BF90F0000F04BF0021704730B530
:100510004FF4806404F132044FF000054FF0000105
:1005200050E700BF90F0000F04BF0021704730B5C6
:100530004FF4806404F1320410F0004548BF40429B
:100540004FF000013EE700BF42004FEAE2014FEAF0
:1005500031014FEA02701FBF12F07F4393F07F4FCB
:1005600081F06051704732F07F4208BF704793F0CE
:100570007F4F04BF41F40021704730B54FF46074E1
:1005800001F0004521F000411CE700BF50EA0102E4
:1005900008BF704730B54FF000050AE050EA01028D
:1005A00008BF704730B511F0004502D5404261EBFD
:1005B00041014FF4806404F132045FEA915C3FF43E
:1005C000D8AE4FF003025FEADC0C18BF03325FEADB
:1005D000DC0C18BF033202EBDC02C2F1200300FA8C
:1005E00003FC20FA02F001FA03FE40EA0E0021FAB1
:1005F00002F11444BDE600BF70B54FF0FF0C4CF49F
:10060000E06C1CEA11541DBF1CEA135594EA0C0F50
:1006100095EA0C0F00F0DEF82C4481EA030621EA8B
:100620004C5123EA4C5350EA013518BF52EA0335C6
:1006300041F4801143F4801338D0A0FB02CE4FF078
:100640000005E1FB02E506F00042E0FB03E54FF0A8
:100650000006E1FB03569CF0000F18BF4EF0010EA0
:10066000A4F1FF04B6F5007F64F5407404D25FEA9C
:100670004E0E6D4146EB060642EAC62141EA55514F
:100680004FEAC52040EA5E504FEACE2EB4F1FD0C91
:1006900088BFBCF5E06F1ED8BEF1004F08BF5FEA0F
:1006A000500E50F1000041EB045170BD06F00046C1
:1006B00046EA010140EA020081EA0301B4EB5C046E
:1006C000C2BFD4EB0C0541EA045170BD41F4801166
:1006D0004FF0000E013C00F3AB8014F1360FDEBF8B
:1006E000002001F0004170BDC4F10004203C35DA67
:1006F0000C341BDC04F11404C4F1200500FA05F3EA
:1007000020FA04F001FA05F240EA020001F000428A
:1007100021F0004110EBD37021FA04F642EB060100
:100720005EEA430E08BF20EAD37070BDC4F10C042A
:10073000C4F1200500FA04F320FA05F001FA04F2EE
:1007400040EA020001F0004110EBD37041F10001DA
:100750005EEA430E08BF20EAD37070BDC4F12005E5
:1007600000FA05F24EEA020E20FA04F301FA05F24D
:1007700043EA020321FA04F001F0004121FA04F2F5
:1007800020EA020000EBD3705EEA430E08BF20EAC5
:10079000D37070BD94F0000F0FD101F000464000FF
:1007A00041EB010111F4801F08BF013CF7D041EA81
:1007B000060195F0000F18BF704703F00046520085
:1007C00043EB030313F4801F08BF013DF7D043EA56
:1007D0000603704794EA0C0F0CEA135518BF95EA0C
:1007E0000C0F0CD050EA410618BF52EA4306D1D193
:1007F00081EA030101F000414FF0000070BD50EAB2
:10080000410606BF1046194652EA430619D094EA3B
:100810000C0F02D150EA013613D195EA0C0F05D125
:1008200052EA03361CBF104619460AD181EA030179
:1008300001F0004141F0FE4141F470014FF0000031
:1008400070BD41F0FE4141F4780170BD70B54FF0CC
:10085000FF0C4CF4E06C1CEA11541DBF1CEA13554C
:1008600094EA0C0F95EA0C0F00F0A7F8A4EB05042E
:1008700081EA030E52EA03354FEA013100F0888025
:100880004FEA03334FF0805545EA131343EA1263EE
:100890004FEA022245EA111545EA10654FEA0026A3
:1008A0000EF000419D4208BF964244F1FD0404F55C
:1008B000407402D25B084FEA3202B61A65EB0305B8
:1008C0005B084FEA32024FF480104FF4002CB6EB75
:1008D000020E75EB030E22BFB61A754640EA0C00F5
:1008E0005B084FEA3202B6EB020E75EB030E22BF35
:1008F000B61A754640EA5C005B084FEA3202B6EB76
:10090000020E75EB030E22BFB61A754640EA9C0034
:100910005B084FEA3202B6EB020E75EB030E22BF04
:10092000B61A754640EADC0055EA060E18D04FEAC2
:10093000051545EA16754FEA06164FEAC30343EA62
:1009400052734FEAC2025FEA1C1CC0D111F4801F2F
:100950000BD141EA00014FF000004FF0004CB6E728
:1009600011F4801F04BF01430020B4F1FD0C88BFC7
:10097000BCF5E06F3FF6AFAEB5EB030C04BFB6EBD2
:10098000020C5FEA500C50F1000041EB045170BDC5
:100990000EF0004E4EEA113114EB5C04C2BFD4EBF2
:1009A0000C0541EA045170BD41F480114FF0000E76
:1009B000013C90E645EA060E8DE60CEA135594EAF2
:1009C0000C0F08BF95EA0C0F3FF43BAF94EA0C0FF5
:1009D0000AD150EA01347FF434AF95EA0C0F7FF46A
:1009E00025AF104619462CE795EA0C0F06D152EABE
:1009F00003353FF4FDAE1046194622E750EA4106A2
:100A000018BF52EA43067FF4C5AE50EA41047FF4B2
:100A10000DAF52EA43057FF4EBAE12E74FF0FF3C17
:100A200006E000BF4FF0010C02E000BF4FF0010CE8
:100A30004DF804CD4FEA410C7FEA6C5C4FEA430C61
:100A400018BF7FEA6C5C1BD001B050EA410C0CBFB0
:100A500052EA430C91EA030F02BF90EA020F002012
:100A6000704710F1000F91EA030F58BF994208BF79
:100A700090422CBFD8176FEAE37040F00100704736
:100A80004FEA410C7FEA6C5C02D150EA013C07D18D
:100A90004FEA430C7FEA6C5CD6D152EA033CD3D0D8
:100AA0005DF8040B704700BF8446104662468C46D2
:100AB0001946634600E000BF01B5FFF7B7FF002805
:100AC00048BF10F1000F01BD4DF808EDFFF7F4FF2E
:100AD0000CBF012000205DF808FB00BF4DF808EDB9
:100AE000FFF7EAFF34BF012000205DF808FB00BFDC
:100AF0004DF808EDFFF7E0FF94BF012000205DF8FE
:100B000008FB00BF4DF808EDFFF7CEFF94BF0120B2
:100B100000205DF808FB00BF4DF808EDFFF7C4FFAB
:100B200034BF012000205DF808FB00BF4FEA410CF4
:100B30007FEA6C5C02D150EA013C0AD14FEA430CD7
:100B40007FEA6C5C02D152EA033C02D14FF0000014
:100B500070474FF0010070474FEA410212F5001252
:100B600015D211D56FF47873B3EB625212D94FEAF4
:100B7000C12343F0004343EA505311F0004F23FADE
:100B800002F018BF404270474FF00000704750EA33
:100B9000013005D111F0004008BF6FF000407047F0
:100BA0004FF00000704700BF4A0011D212F500124A
:100BB00011D20DD56FF47873B3EB62520ED44FEAB5
:100BC000C12343F0004343EA505323FA02F0704735
:100BD0004FF00000704750EA013002D14FF0FF3073
:100BE00070474FF0000070474FEA4102B2F1E04316
:100BF00024BFB3F5001CDCF1FE5C0DD901F0004C04
:100C00004FEAC0024CEA5070B2F1004F40EB830053
:100C100008BF20F00100704711F0804F21D113F17F
:100C20003872BCBF01F00040704741F480114FEAB8
:100C30005252C2F11802C2F1200C10FA0CF320FA41
:100C400002F018BF40F001004FEAC1234FEAD3235E
:100C500003FA0CFC40EA0C0023FA02F34FEA4303C8
:100C6000CCE77FEA625307D150EA01331EBF4FF051
:100C7000FE4040F44000704701F0004040F0FE406C
:100C800040F40000704700BF53B94AB9002908BFBB
:100C900000281CBF4FF0FF314FF0FF3000F0BEB90D
:100CA000ADF1080C6DE904CE00F03CF8DDF804E08D
:100CB000DDE9022304B0704738B500220023044662
:100CC0000D46FFF70BFF28B920462946BDE83840FE
:100CD00000F00AB8204605F1004100F005F8404256
:100CE00061EB410138BD00BFD0B50C4B0022064678
:100CF0000F46FFF781FCFFF757FF0446FFF702FCA2
:100D0000074B0022FFF778FC02460B463046394677
:100D1000FFF7BAFAFFF748FF2146D0BD0000F03DCB
:100D20000000F0412DE9F047089D0F4604468C462F
:100D3000002B48D18A42164661D9B2FA82F34BB1F0
:100D4000C3F1200201FA03FC20FA02F29E4042EABB
:100D50000C0C9C404FEA164EB7B2BCFBFEF1220CC5
:100D60000EFB11CC42EA0C4201FB07F0904209D97C
:100D7000B21801F1FF3C80F0EE80904240F2EB802F
:100D800002393244121AA4B2B2FBFEF00EFB10225A
:100D900044EA024400FB07F7A74209D9341900F1DD
:100DA000FF3280F0DA80A74240F2D7803444023824
:100DB00040EA0140E41B00211DB1DC400023C5E9ED
:100DC0000043BDE8F0878B4206D90DB1C5E90001AB
:100DD00000210846BDE8F087B3FA83F1002948D125
:100DE000BB4202D3824200F20781841A67EB0302FE
:100DF00001209446002DE4D0C5E9004CE1E7002A2B
:100E000000F09280B2FA82F3002B40F0A8808A1A98
:100E10004FEA164E1FFA86FC0121200CB2FBFEF7AA
:100E20000EFB172240EA02420CFB07F0904207D962
:100E3000B21807F1FF3802D2904200F2E280474632
:100E4000121AA4B2B2FBFEF00EFB102244EA0244D6
:100E50000CFB00FCA44507D9341900F1FF3202D283
:100E6000A44500F2CB801046A4EB0C0440EA0740F6
:100E7000A2E7C1F120068B4022FA06FC4CEA030CE3
:100E800007FA01F420FA06F3F7404FEA1C4923431E
:100E900000FA01F81FFA8CFEB7FBF9F01C0C09FBF5
:100EA000107744EA074400FB0EF7A74202FA01F26A
:100EB0000AD91CEB040400F1FF3A80F09B80A742A2
:100EC00040F2988002386444E41B9FB2B4FBF9F30B
:100ED00009FB134447EA044403FB0EFEA64509D967
:100EE0001CEB040403F1FF3780F08280A6457FD914
:100EF000023B644443EA0040A4EB0E04A0FB02E77B
:100F0000BC427346B94663D360D05DB1B8EB03020F
:100F100064EB090404FA06F622FA01F31E43CC40FE
:100F2000C5E9006400214CE76208480842EAC17143
:100F30000B0C43EA00438AB242EA0342B3FBF6F1E8
:100F4000E407B4463746B6461F23B0FBF6F0D21B83
:100F500041EA004161E7614614E7104628E7C3F122
:100F6000200120FA01F29E4027FA01F19F403A4306
:100F70004FEA164E1FFA86FCB1FBFEF70EFB171068
:100F8000110C41EA004107FB0CF8884504FA03F410
:100F90003AD9711807F1FF3001D288451FD8A1EB6B
:100FA0000801B1FBFEF808FB0CF70EFB181192B21A
:100FB00042EA0142BA422FD2B21808F1FF31C6D23A
:100FC000BA42C4D2A8F102013244C0E7F0459CD233
:100FD000BEEB020367EB0C070138B94695E7A6EBB9
:100FE00008084144B81EB1FBFEF808FB0CF7DCE72B
:100FF0003B467FE7504667E70846FBE63444023845
:1010000032E7023F32441BE7A1EB08013846B1FB4F
:10101000FEF808FB0CF7C8E7414698E7704700BFA9
:1010200080B582B000AF00237B602F4B1B6B2E4A34
:1010300043F4800313632C4B1B6B03F480037B602E
:101040007B6800233B60284B1B6B274A43F400134B
:101050001363254B1B6B03F400133B603B680022BA
:1010600000210B2003F0ABFB0B2003F0C4FB00229C
:1010700000210C2003F0A3FB0C2003F0BCFB00229A
:1010800000210E2003F09BFB0E2003F0B4FB002296
:101090000021102003F093FB102003F0ACFB002292
:1010A0000021112003F08BFB112003F0A4FB002290
:1010B00000212F2003F083FB2F2003F09CFB002254
:1010C00000213A2003F07BFB3A2003F094FB00223E
:1010D0000021452003F073FB452003F08CFB00BF8B
:1010E0000837BD4680BD00BF0038024080B582B0E1
:1010F00000AF0021624809F05FFC0421604809F05C
:101100005BFC08215E4809F057FC0C215C4809F0A3
:1011100053FC5B4B1B6800225A63594B1B6800222F
:101120009A63574B1B680022DA63554B1B680022F9
:101130001A640023FB7113E0524B1B88B3F5487F00
:1011400009D9504B1B8840F69702934203D8FB798C
:101150000133FB7101E00023FB710A2003F030FA38
:10116000FB79132BE8D9474B1B88B3F5E16F45D9C1
:10117000434B1B684FF4FA625A63414B1B684FF4B0
:10118000FA629A633E4B1B684FF4FA62DA633C4B97
:101190001B684FF4FA621A640023BB71394B1B8839
:1011A000B3F5966F0BD2374B1B88B3F5487F06D942
:1011B000BB790133BB71BB791E2B02D905E000233B
:1011C000BB710A2003F0FCF9E8E72D4B1B684FF4D4
:1011D00061725A632A4B1B684FF461729A63284B01
:1011E0001B684FF46172DA63254B1B684FF4617220
:1011F0001A644FF47A6003F0E3F92FE0204B1B6888
:101200004FF461725A631E4B1B684FF461729A630C
:101210001B4B1B684FF46172DA63194B1B684FF468
:1012200061721A644FF47A6003F0CAF916E0144B45
:101230001B684FF461725A63114B1B684FF4617263
:101240009A630F4B1B684FF46172DA630C4B1B6897
:101250004FF461721A640A2003F0B2F9094B1B883B
:10126000B3F5966FE3D8084809F0E4FA064B1B681B
:101270005B6A064A136000BF0837BD4680BD00BFE9
:101280001808002020000020D00700203C03002088
:1012900080B590B002AF984B1B685B6A7B61974B3F
:1012A0001B687A69D31A3B613B6907EE903AB8EE46
:1012B000677ADFED936AC7EE267AC7ED0D7A8F4A1B
:1012C0007B691360D7ED0D7A9FED8E7AF4EEC77AC5
:1012D000F1EE10FA01D58C4B7B63D7ED0D7A9FEDC3
:1012E0008B7AF4EEC77AF1EE10FA01DD884B7B635E
:1012F000884B1B8818461E2300936FF01D034FF484
:10130000FA624FF47A7100F0C5FE07EE900AF8EE2B
:10131000E77AC7ED0C7A804B1B8818466FF01D03E7
:1013200000931E234FF4FA624FF47A7100F0B2FE7C
:1013300007EE900AF8EEE77AC7ED0B7A774B1B8839
:1013400018466FF06303009364234FF4FA624FF47E
:101350007A7100F09FFE07EE900AF8EEE77AC7ED8B
:101360000A7AD7ED0C7AB8EE007AF4EEC77AF1EE8D
:1013700010FA0BDDD7ED0C7AB0EE007AF4EEC77AF6
:10138000F1EE10FA02D54FF000033B63D7ED0B7A74
:10139000B8EE007AF4EEC77AF1EE10FA0BDDD7ED75
:1013A0000B7AB0EE007AF4EEC77AF1EE10FA02D5BD
:1013B0004FF00003FB62D7ED0A7ABAEE0E7AF4EE34
:1013C000C77AF1EE10FA0BDDD7ED0A7AB2EE0E7A9B
:1013D000F4EEC77AF1EE10FA02D54FF00003BB62CB
:1013E000D7ED0A7AF5EE407AF1EE10FA05D14C4BC2
:1013F0001B8840F21A42934208D84A4B1B684A4A5B
:1014000013604A4B4FF000021A60B4E0464B93ED74
:10141000007A444BD3ED007A77EE677AC7ED097A0C
:10142000D7ED097A9FED427AF4EEC77AF1EE10FA21
:1014300008DDD7ED097A9FED3F7A77EEC77AC7EDE1
:10144000097A10E0D7ED097A9FED3B7AF4EEC77A7E
:10145000F1EE10FA07D5D7ED097A9FED367A77EEDF
:10146000877AC7ED097A97ED097AD7ED0D7A27EEDD
:10147000277A2E4BD3ED007A77EE277A2B4BC3EDEC
:10148000007A2A4BD3ED007A9FED2C7AF4EEC77ADE
:10149000F1EE10FA03DD254B294A1A600CE0234BCC
:1014A000D3ED007A9FED277AF4EEC77AF1EE10FAC9
:1014B00002D51E4B244A1A60244B93ED007AD7EDD7
:1014C000097A27EE277A224BD3ED006A174BD3ED2A
:1014D000007A66EEA77A77EE277AC7ED0A7AD7ED1B
:1014E0000A7A9FED1C7AF4EEC77AF1EE10FA37DD36
:1014F000194BBB623FE000BFD00700203C03002037
:10150000002474496F12033A6F12033A0AD7233C3E
:101510000AD7233C1C0000201E00002022000020CF
:101520002000002034070020400300204403002056
:10153000000034430000B443000034C300004842BC
:1015400000004842000048C2000048C210000020CD
:10155000280300200000704200007042000070C2AA
:10156000D7ED0A7A1FED037AF4EEC77AF1EE10FA9E
:1015700001D5B84BBB62B84BD3ED007A97ED0B7A2F
:1015800077EE677AC7ED037AB44BD3ED007A97ED27
:101590000C7A77EE677AC7ED027AB14BD3ED007A19
:1015A00097ED0A7A77EE677AC7ED017A4FF000037C
:1015B0003B624FF00003FB614FF00003BB61A94B9E
:1015C0001B8840F21A42934240F22081A64B93F9C5
:1015D0000030002B17D0A44B93F90030002B06DD10
:1015E000D7ED037AF5EEC07AF1EE10FA0BD49E4BEC
:1015F00093F90030002B14DAD7ED037AF5EEC07AB8
:10160000F1EE10FA0DDD97ED037AD7ED0D7A27EEA6
:10161000277A964BD3ED007A77EE277A934BC3ED7A
:10162000007A924BD3ED007A9FED917AF4EEC77A6F
:10163000F1EE10FA03DD8D4B8E4A1A600CE08B4BF5
:10164000D3ED007A9FED9B7AF4EEC77AF1EE10FAB3
:1016500002D5864B884A1A60884B93F90030002BDC
:1016600017D0864B93F90030002B06DDD7ED027AB8
:10167000F5EEC07AF1EE10FA0BD4804B93F90030FE
:10168000002B14DAD7ED027AF5EEC07AF1EE10FAFB
:101690000DDD97ED027AD7ED0D7A27EE277A784B9C
:1016A000D3ED007A77EE277A754BC3ED007A744B51
:1016B000D3ED007A9FED6E7AF4EEC77AF1EE10FA70
:1016C00003DD6F4B6B4A1A600CE06D4BD3ED007A73
:1016D0009FED787AF4EEC77AF1EE10FA02D5684BF6
:1016E000654A1A60674B93F90030002B17D0654BA1
:1016F00093F90030002B06DDD7ED017AF5EEC07AC4
:10170000F1EE10FA0BD45F4B93F90030002B14DA92
:10171000D7ED017AF5EEC07AF1EE10FA0DDD97ED16
:10172000017AD7ED0D7A27EE277A574BD3ED007A61
:1017300077EE277A544BC3ED007A534BD3ED007A02
:101740009FED4B7AF4EEC77AF1EE10FA03DD4E4BC3
:10175000484A1A600CE04C4BD3ED007A9FED557A65
:10176000F4EEC77AF1EE10FA02D5474B424A1A60FE
:10177000464B93ED007AD7ED037A27EE277A444B58
:10178000D3ED006A394BD3ED007A66EEA77A37EED7
:10179000277A404BD3ED006A3F4BD3ED007A66EEDB
:1017A000A77A77EE677AC7ED087A3C4B93ED007A1B
:1017B000D7ED027A27EE277A394BD3ED006A304B0A
:1017C000D3ED007A66EEA77A37EE277A354BD3ED64
:1017D000006A354BD3ED007A66EEA77A77EE677A2A
:1017E000C7ED077A314B93ED007AD7ED017A27EEFA
:1017F000277A2F4BD3ED006A234BD3ED007A66EEA8
:10180000A77A77EE277AC7ED067A14E0174B4FF0E8
:1018100000021A601A4B4FF000021A601A4B4FF088
:1018200000021A60104B00221A70144B00221A702A
:10183000144B00221A70D7ED087A9FED0D7AF4EE62
:10184000C77AF1EE10FA37DD0A4B3B62064B0122F4
:101850001A7043E0000070C22C07002030070020FF
:101860005807002020000020380300202C0300200F
:101870000000C8430000C8430000C8C3390300206B
:10188000300300203A030020340300200000002031
:101890001803002004000020540700200800002046
:1018A0001C0300200C000020500700202003002013
:1018B000240300200000C8C3D7ED087A1FED037A87
:1018C000F4EEC77AF1EE10FA05D59D4B3B629D4BC5
:1018D000FF221A7002E09B4B00221A70D7ED077AA4
:1018E0009FED997AF4EEC77AF1EE10FA05DD974B89
:1018F000FB61974B01221A7011E0D7ED077A9FED3B
:10190000957AF4EEC77AF1EE10FA05D58C4BFB61AF
:101910008F4BFF221A7002E08D4B00221A70D7ED18
:10192000067A9FED897AF4EEC77AF1EE10FA05DDBA
:10193000864BBB61884B01221A7011E0D7ED067A05
:101940009FED847AF4EEC77AF1EE10FA05D57C4B60
:10195000BB61814BFF221A7002E07F4B00221A709C
:101960007E4B1B8840F21A42934240F295807B4B9B
:101970001B8818464FF4FA63009340F2B6334FF4D5
:10198000FA6240F21A4100F085FB07EE900AF8EE89
:10199000E77AC7ED007A97ED007AD7ED087A37EE4F
:1019A000277AD7ED077A37EE677AD7ED067A77EEA2
:1019B000677AFDEEE77A17EE903A1AB2684B1A8012
:1019C00097ED007AD7ED087A37EE677AD7ED077A88
:1019D00037EE677AD7ED067A77EE277AFDEEE77A6B
:1019E00017EE903A1AB25F4B1A8097ED007AD7ED56
:1019F000087A37EE277AD7ED077A37EE277AD7EDD0
:101A0000067A77EE277AFDEEE77A17EE903A1AB269
:101A1000554B1A8097ED007AD7ED087A37EE677A42
:101A2000D7ED077A37EE277AD7ED067A77EE677A21
:101A3000FDEEE77A17EE903A1AB24C4B1A80484BFB
:101A4000B3F9003040F2B532934203DC444B40F22C
:101A5000B6321A80434BB3F9003040F2B5329342AC
:101A600003DC404B40F2B6321A803F4BB3F90030F2
:101A700040F2B532934203DC3B4B40F2B6321A805F
:101A80003A4BB3F9003040F2B532934214DC374B95
:101A900040F2B6321A800FE0314B4FF461721A8077
:101AA000304B4FF461721A802F4B4FF461721A80E1
:101AB0002E4B4FF461721A80294BB3F90030B3F505
:101AC000FA6F03DD264B4FF4FA621A80254BB3F907
:101AD0000030B3F5FA6F03DD224B4FF4FA621A803F
:101AE000214BB3F90030B3F5FA6F03DD1E4B4FF411
:101AF000FA621A801D4BB3F90030B3F5FA6F03DDBB
:101B00001A4B4FF4FA621A80154BB3F90020184BA8
:101B10001B685A63134BB3F90020154B1B689A637B
:101B2000114BB3F90020124B1B68DA630F4BB3F96A
:101B300000200F4B1B681A6400BF3837BD4680BDBC
:101B40000000C8C3380300200000C8430000C84399
:101B5000390300200000C8C33A0300202000002001
:101B60001400002016000020180000201A00002099
:101B70001808002080B58AB000AF07F114030022D6
:101B80001A605A609A60DA601A6100233B612D4B3B
:101B90001B6B2C4A43F0800313632A4B1B6B03F02F
:101BA00080033B613B690023FB60264B1B6B254A8E
:101BB00043F001031363234B1B6B03F00103FB6032
:101BC000FB680023BB601F4B1B6B1E4A43F00203E4
:101BD00013631C4B1B6B03F00203BB60BB68002349
:101BE0007B60184B1B6B174A43F004031363154BC0
:101BF0001B6B03F004037B607B6800233B60114B8D
:101C00001B6B104A43F0080313630E4B1B6B03F06E
:101C100008033B603B68002204210B4803F0B2FB41
:101C200004237B610123BB610023FB6100233B6232
:101C300007F114031946044803F008FA00BF2837D7
:101C4000BD4680BD00380240000C024080B500AFA8
:101C5000124B134A1A60114B124A5A600F4B002262
:101C60009A600E4B0022DA600C4B4FF480421A61EE
:101C70000A4B00225A61094B00229A61074B00224D
:101C8000DA61064B00221A62044803F095FB034612
:101C9000002B01D000F0F8F900BF80BD4803002000
:101CA00000540040A086010080B58AB000AF786083
:101CB00007F1140300221A605A609A60DA601A6110
:101CC0007B681B68504A934240F0998000233B6137
:101CD0004E4B1B6B4D4A43F0020313634B4B1B6B84
:101CE00003F002033B613B69C0237B611223BB61AC
:101CF0000023FB6103233B6204237B6207F114038F
:101D00001946434803F0A2F90023FB603F4B1B6CCC
:101D10003E4A43F4001313643C4B1B6C03F4001362
:101D2000FB60FB683B4B3C4A1A603A4B4FF0007239
:101D30005A60384B00229A60364B0022DA60354BED
:101D40004FF480621A61334B00225A61314B0022FA
:101D50009A61304B0022DA612E4B4FF400321A6246
:101D60002C4B00225A622B4802F060FD0346002BE8
:101D700001D000F089F97B68264A9A63254A7B687E
:101D80009363264B264A1A60244B4FF000725A6028
:101D9000224B40229A60214B0022DA601F4B4FF405
:101DA00080621A611D4B00225A611C4B00229A610D
:101DB0001A4B0022DA61194B00221A62174B0022DB
:101DC0005A62164802F032FD0346002B01D000F0A3
:101DD0005BF97B68114A5A63104A7B68936300225F
:101DE00000211F2002F0EBFC1F2002F004FD002266
:101DF0000021202002F0E3FC202002F0FCFC00BFC8
:101E00002837BD4680BD00BF005400400038024066
:101E1000000402409C03002010600240FC030020EC
:101E2000B86002402DE9B0439EB004AF02F056FB0B
:101E300000F0A6F8FFF79EFEFFF7F2F8FFF706FFA7
:101E400002F038F802F064F802F08CF801F00AFFB2
:101E50000EF03AF902F0B0F801F0B8FE01F072FCB1
:101E600000F034F9FFF742F900F0E6FD00F0BCFCA9
:101E700001F0ACF800F084FF00F0A0FA00F0C2FC22
:101E800000F080FE00F0C0FB00F096FF01F0A0F92A
:101E9000FFF7FEF9304B1B780133DAB22E4B1A7084
:101EA0002D4B1B78312B53D92B4B00221A702B4B07
:101EB00093F84130DBB2202B28D1294B1B68184600
:101EC000FEF742FB80468946264B1B681846FEF704
:101ED0003BFB04460D46244B1B681846FEF734FBBB
:101EE00002460B46CDE90223CDE9004542464B466A
:101EF0001E491F4810F0B4F91D48FEF7B9F9034612
:101F00009BB21A461A49154809F0B0FB194B1B88B9
:101F10001C46184B5B881D46164B9B881A46154B72
:101F2000DB881946144B1B88381D029301910092DF
:101F30002B462246114910F093F93B1D1846FEF737
:101F400097F903469AB23B1D114618460EF07AF9EE
:101F5000022002F035FB91E7C00400203809002080
:101F6000300700202C07002034070020185F0108EC
:101F70005C040020C404002020000020405F010811
:101F800080B594B000AF07F120033022002118463D
:101F900010F0CCF907F10C0300221A605A609A6025
:101FA000DA601A610023BB60284B1B6C274A43F0A0
:101FB00080531364254B1B6C03F08053BB60BB68DC
:101FC00000237B60224B1B68214A43F4804313604B
:101FD0001F4B1B6803F480437B607B6801233B62DB
:101FE0004FF480337B620223BB634FF48003FB63B7
:101FF00008233B644FF4A8737B640223BB6407236C
:10200000FB6407F12003184607F05AF90346002B3A
:1020100001D000F039F80F23FB6002233B6100235D
:102020007B614FF4A053BB614FF48053FB6107F118
:102030000C030521184607F0BBFB0346002B01D01B
:1020400000F022F800BF5037BD4680BD0038024086
:102050000070004080B582B000AF78607B681B687C
:10206000074A934201D100F03FF87B681B68054A9C
:10207000934201D100F0EEFC00BF0837BD4680BDA1
:10208000001001400048004080B400AF72B600BFAD
:1020900000BFFDE780B485B000AFF860B9607A603A
:1020A0003B60FA68BB68D31AB9693A688A1A03FBBD
:1020B00002F27968BB68CB1A92FBF3F23B681344D7
:1020C00018461437BD465DF8047B704780B500AFF5
:1020D00001220349034809F0A3FA00BF80BD00BFF5
:1020E000E40400206008002080B582B002AF914B6C
:1020F0001B78002B04D1904B1B780F2B40F04E81A6
:102100008C4B1B785A1CD1B28A4A11701A468A4BE2
:1021100019788A4B9954874B1B78192B40F03E81D4
:10212000844B00221A70854B1B7E002B40F03681B9
:10213000824B5B781AB2814B9B781BB21B021BB29D
:1021400013431BB29BB2C3F30A039AB27C4B1A80AF
:102150007A4B9B78DB08DBB21AB2784BDB781BB288
:102160005B011BB213431BB29BB2C3F30A039AB2C7
:10217000734B5A80714BDB789B09DBB21AB26F4B01
:102180001B791BB29B001BB213431AB26B4B5B79DA
:102190001BB29B021BB213431BB29BB2C3F30A03D5
:1021A0009AB2674B9A80654B5B795B08DBB21AB2D7
:1021B000624B9B791BB2DB011BB213431BB29BB278
:1021C000C3F30A039AB25E4BDA805D4B1B88B3F50A
:1021D0007E7F12D85A4B1B88184640F2DC5300937E
:1021E0004FF47A7340F2F93240F27321FFF752FF55
:1021F00003469AB2534B1A8011E0514B1B88184684
:102200004FF4FA63009340F2DC534FF4AF6240F2B4
:10221000F931FFF73FFF03469AB24A4B1A80494B08
:102220001B88B3F57A7F03D2464B4FF47A721A803B
:10223000444B1B88B3F5FA6F03D9424B4FF4FA6253
:102240001A803F4B5B8840F26542934212D83C4B68
:102250005B88184640F2DC5300934FF47A7340F2E7
:10226000664240F2E121FFF715FF03469AB2364B72
:102270001A8011E0324B5B8818464FF4FA630093E2
:1022800040F2DC534FF4AF6240F26641FFF702FFC9
:1022900003469AB22C4B1A802B4B1B88B3F57A7FDE
:1022A00003D2294B4FF47A721A80274B1B88B3F55F
:1022B000FA6F03D9244B4FF4FA621A80204B9B88A3
:1022C00018464FF4FA6300934FF47A734FF4DD62CB
:1022D000C821FFF7DFFE03469AB21C4B1A801B4B46
:1022E0001B88B3F57A7F03D2184B4FF47A721A80A9
:1022F000164B1B88B3F5FA6F03D9144B4FF4FA62EF
:102300001A800F4BDB88B3F5747F23D20C4BDB882C
:10231000184640F2DC5300934FF47A734FF4747212
:1023200040F25921FFF7B6FE03469AB2084B1A80D5
:1023300022E000BF01050020E4040020E8040020A2
:10234000C40400201C0000201E00002020000020EB
:1023500022000020154BDB8818464FF4FA630093E7
:1023600040F2DC534FF4AC624FF47471FFF792FE0D
:1023700003469AB20E4B1A800D4B1B88B3F57A7F39
:1023800003D20B4B4FF47A721A80094B1B88B3F5BA
:10239000FA6F03D9064B4FF4FA621A8001220549FD
:1023A000054809F03DF900BFBD4680BDC4040020CA
:1023B00022000020E40400206008002080B58AB0DC
:1023C00004AF24233B75642302930123019307F197
:1023D0001403009301230622EC21814803F046F9FF
:1023E000A0233B75642302930123019307F1140397
:1023F000009301230722EC21794803F037F90723E2
:102400003B75642302930123019307F114030093A6
:1024100001230822EC21724803F028F9322002F04F
:10242000CFF864230293122301933B4600930123C8
:102430001022EC216A4803F013FA0346002B40F007
:10244000CB803B781B017A781209D2B21343654ADC
:102450001360644B1B6803F40063002B08D0614BCE
:102460001B686FEA03536FEA13531A465D4B1A60F9
:102470007B781B0203F47063BA7813435A4A1360E3
:10248000594B1B6803F40063002B08D0564B1B68A4
:102490006FEA03536FEA13531A46534B1A60FB78E3
:1024A0001A033B791B0113437A791209D2B2134301
:1024B0004E4A13604D4B1B6803F40023002B08D0D9
:1024C0004A4B1B686FEA03336FEA13331A46474BD4
:1024D0001A607B791B0403F47022BB791B0213433F
:1024E000FA791343424A1360414B1B6803F40023FB
:1024F000002B08D03E4B1B686FEA03336FEA13339F
:102500001A463B4B1A603B7A1B027A7A1343394ACC
:102510001360384B1B6803F40043002B08D0354B85
:102520001B686FEA03436FEA13431A46314B1A6084
:10253000BB7A1B02FA7A13432F4A13602E4B1B6897
:1025400003F40043002B08D02B4B1B686FEA0343B6
:102550006FEA13431A46284B1A603B7B1B027A7BB7
:102560001343264A1360254B1B6803F40043002BDA
:1025700008D0224B1B686FEA03436FEA13431A46E5
:102580001E4B1A60BB7B1B02FA7B13431C4A136071
:102590001B4B1B6803F40043002B08D0184B1B682F
:1025A0006FEA03436FEA13431A46154B1A603B7CEC
:1025B0001B027A7C1343134A1360124B1B6803F40B
:1025C0000043002B08D00F4B1B686FEA03436FEAF0
:1025D00013431A460B4B1A6000BF1837BD4680BD27
:1025E000480300200C0500201005002014050020E1
:1025F000180500201C0500202005002024050020CF
:10260000280500202C05002080B58CB004AF0A23DB
:102610000293062301933B46009301230022EC2101
:10262000614803F01DF90346002B40F0B8803B7869
:102630001A047B781B021343BA781343FB61FB69CE
:1026400003F40003002B03D0FB6943F07F43FB61DD
:10265000FB781A043B791B0213437A791343BB615D
:10266000BB6903F40003002B03D0BB6943F07F4335
:10267000BB61FB6907EE903AB8EEE77ADFED4B6A93
:10268000C7EE267AC7ED057ABB6907EE903AB8EE39
:10269000E77ADFED476AC7EE267AC7ED047A454B45
:1026A0001B6807EE903AB8EEE77A434B1B6807EEDB
:1026B000903AF8EEE76A414B1B6807EE903AB8EEA5
:1026C000E76A3F4B1B6807EE903AF8EEE75AD7ED02
:1026D000057A65EEA77A36EE276AD7ED057A66EEBB
:1026E000277A76EEA76AD7ED057A66EEA77A37EEF7
:1026F000277A344B1B6807EE903AF8EEE76AD7ED7D
:10270000047A66EEA77A37EE277AD7ED046AD7ED1A
:10271000057A66EEA76A2C4B1B6807EE903AB8EE76
:10272000E76A2A4B1B6807EE903AF8EEE75AD7EDB6
:10273000057A65EEA77A76EE277A66EEA77A77EEC7
:10274000277AC7ED037AD7ED037ADFED216A87EEAA
:10275000A67ADFED200AB0EE470A12F0E5FBF0EEB4
:10276000407AB7EE007A77EE677A9FED1B7A67EED4
:10277000877AC7ED027A194B1B78002B05D0184ACF
:10278000BB681360154B00221A70154BD3ED007A0D
:1027900097ED027A77EE677A124BC3ED007A00BFAD
:1027A0002037BD4680BD00BF4803002000007848A8
:1027B0000000004914050020180500202405002011
:1027C0002C0500201C0500202005002028050020E5
:1027D00080E6C547B1DC423E002A2D472400002098
:1027E000080500200405002080B500AF80220349C1
:1027F000034808F0B7FF00BF80BD00BF30050020D0
:10280000A808002080B485B000AF7F4BDB6B1B684D
:102810005B689BB2C3F18003FB81E7E07B4B1B88C5
:102820005A1C91B2794A11801A46794B9B5C7B7392
:10283000764B1B887F2B02D9744B00221A80754B74
:102840001B78092B00F2D28001A252F823F000BFBE
:1028500079280008892800089F280008B528000862
:10286000BD280008CB280008D3280008E12800086C
:10287000EF280008172900087B7B242B40F0B38049
:10288000644B01221A70AEE07B7B582B03D1614B65
:1028900002221A70AAE05F4B00221A70A6E07B7B2E
:1028A0003C2B03D15B4B03221A709FE0594B002253
:1028B0001A709BE0574B04221A7097E0564A7B7BB4
:1028C0001370544B05221A7090E0524B06221A7076
:1028D0008CE0524A7B7B13704E4B07221A7085E0C6
:1028E0004C4B08221A704E4B00221A707EE04C4B63
:1028F0001B785A1CD1B24A4A11701946494A7B7B4F
:102900005354474B1A78454B1B789A426DD3414B31
:1029100009221A7069E0404B1B78012B27D13F4BED
:102920001B78052B23D13F4B1B791A063D4BDB78D7
:102930001B041A433B4B9B781B021343394A5278C2
:102940001343BB60BB68002B48DDBB6842F6DF6207
:10295000934243DCBB6807EE903AB8EEE77ADFEDCE
:10296000326AC7EE267A314BC3ED007A36E02A4B45
:102970001B78022B33D1294B1B78092B2FD1294BE4
:102980001B791A06274BDB781B041A43254B9B78CF
:102990001B021343234A527813437B60214B1B7A5B
:1029A0001A06204BDB791B041A431E4B9B791B0232
:1029B00013431C4A527913433B607B6807EE903AFD
:1029C000F8EEE77A1A4BC3ED007A3B6807EE903ACF
:1029D000F8EEE77A174BC3ED007A00E000BF0D4B2D
:1029E00000221A7002E000BF00E000BF074B1B8806
:1029F000FA899A427FF412AF00BF00BF1437BD4678
:102A00005DF8047B704700BFA8080020B0050020D7
:102A100030050020B2050020B3050020B4050020D9
:102A2000B5050020B805002000007A44D805002034
:102A3000DC050020E005002080B500AF012203493D
:102A4000034808F0EDFD00BF80BD00BFE405002095
:102A5000F008002080B582B000AF224B1B78DBB2BB
:102A60007E2B32D81F4B1B78DBB25A1CD1B21D4AC9
:102A700011701A461C4B1B78D9B21C4B99541A4B37
:102A80001B78DBB20A2B23D1164B1B78DBB21A461C
:102A9000164B002199540023FB7109E0FA79FB7968
:102AA00012498A5CD1B2124AD154FB790133FB71CD
:102AB0000C4B1B78DBB2FA799A42EFD90D4B01220D
:102AC0001A70084B00221A7002E0064B00221A709E
:102AD00001220549084808F0A3FD00BF0837BD469C
:102AE00080BD00BF68060020E4050020E805002046
:102AF0006C060020EC060020F008002080B485B0B1
:102B000000AF87ED010A0346FB70FB78002B0CD069
:102B100097ED017ADFED196AC7EE267AFDEEE77AC6
:102B2000F8EEE77AC7ED037A0BE097ED017ADFED77
:102B3000136AC7EE267AFDEEE77AF8EEE77AC7ED7C
:102B4000037AD7ED037A9FED0D7A67EE877A97EDDA
:102B5000017A77EE677AC7ED027AD7ED027ADFED78
:102B6000086A87EEA67AD7ED037A77EE277AB0EE79
:102B7000670A1437BD465DF8047B70470000C84201
:102B80000000704280B5A8B000AF754B1B78DBB277
:102B9000012B40F0E080002387F89F3016E097F883
:102BA0009F2097F89F306F498A5CD2B2A0333B4494
:102BB00003F8A02C97F89F306A4AD35CDBB2002B55
:102BC00009D097F89F30013387F89F3097F99F30ED
:102BD000002BE4DA00E000BF614B00221A703B4694
:102BE0000622614918460FF0A9FB0346002B09D0C5
:102BF0003B4606225D4918460FF0A0FB0346002B1A
:102C000040F0A9803B465A4918460FF0A9FBC7F887
:102C100098000023C7F894304FF00003C7F89030B5
:102C20004FF00003C7F88C304E2387F88B304523D4
:102C300087F88A3053E0D7F89430022B0CD1D7F8BC
:102C400098000DF05BFF53EC102B10461946FDF772
:102C5000CBFF0346C7F89030D7F89430032B09D147
:102C6000D7F898301B78002B04D0D7F898301B7811
:102C700087F88B30D7F89430042B0CD1D7F8980014
:102C80000DF03CFF53EC102B10461946FDF7ACFF3E
:102C90000346C7F88C30D7F89430052B09D1D7F804
:102CA00098301B78002B04D0D7F898301B7887F821
:102CB0008A30D7F89430072B06D1D7F898000DF05A
:102CC00020FF03462B4A1360294900200FF048FBE0
:102CD000C7F89800D7F894300133C7F89430D7F884
:102CE0009830002BA7D1D7ED247AF5EE407AF1EE9B
:102CF00010FA14D0002097ED240AFFF7FFFE87EDAD
:102D0000210A97F88B30532B04D1D7ED217AF1EEBD
:102D1000677A01E0D7ED217A174BC3ED007AD7ED42
:102D2000237AF5EE407AF1EE10FA14D0012097EDF7
:102D3000230AFFF7E3FE87ED200A97F88A30572B26
:102D400004D1D7ED207AF1EE677A01E0D7ED207A51
:102D50000A4BC3ED007A00BFA037BD4680BD00BF5F
:102D6000EC0600206C0600208C5F0108945F0108CF
:102D70009C5F0108F8060020F0060020F406002001
:102D800080B586B004AF0B23FB716423029301234B
:102D90000193FB1D009301230A221C21044802F029
:102DA00065FC322001F00CFC00BF0837BD4680BD39
:102DB0004803002000000000B0B588B004AF6423D1
:102DC0000293062301933B460093012303221C2117
:102DD000434802F045FD0346002B76D17B781BB2B9
:102DE0001B021AB23B781BB213431AB23D4B1A8036
:102DF000FB781BB21B021AB2BB781BB213431AB288
:102E0000394B1A807B791BB21B021AB23B791BB279
:102E100013431AB2354B1A80324BB3F9003007EE28
:102E2000903AB8EEE77A324BD3ED007A37EE677A14
:102E3000304BD3ED007A67EE277AC7ED037A2A4B41
:102E4000B3F9003007EE903AB8EEE77A2A4BD3EDAB
:102E5000007A37EE677A294BD3ED007A67EE277A4E
:102E6000C7ED027AB868FDF76FFB04460D46F868B7
:102E7000FDF76AFB02460B4643EC112B45EC104B69
:102E800012F01CF851EC100B13A3D3E90023FDF74B
:102E9000B3FB02460B4610461946FDF7A5FE034656
:102EA000174A1360164BD3ED007AF5EEC07AF1EEB7
:102EB00010FA00D409E0124BD3ED007A9FED117A9D
:102EC00077EE877A0E4BC3ED007A00BF1037BD4610
:102ED000B0BD00BFAFF30080000000C0DCA54C40D7
:102EE00048030020FC060020FE060020000700200A
:102EF00008070020280000200C0700202C000020DC
:102F0000040700200000B44380B584B000AF03463E
:102F10003960FB711346BB80FB7903F07F03DBB2A2
:102F2000FB73002204210C4802F02CFA07F10F0178
:102F300064230122094806F0E4FEBA886423396854
:102F4000064806F0DEFE01220421034802F01AFAC8
:102F500000BF1037BD4680BD000C02407407002042
:102F600080B584B000AF03463960FB711346BB8067
:102F7000FB7963F07F03DBB2FB730023BB7300229A
:102F80000421104802F0FEF907F10F016423012229
:102F90000D4806F0B6FE07F10E01642301220A482F
:102FA00006F0F3FFBA8864233968074806F0EDFF9E
:102FB00001220421034802F0E5F900BF1037BD46A5
:102FC00080BD00BF000C02407407002080B58CB0AB
:102FD00000AF00233B83642001F0F2FA01220421B8
:102FE000714802F0CFF90A2001F0EAFA0023FB62EF
:102FF00013E007F11803022219460020FFF7B0FF83
:103000003A7E6A4B1A70694B1B78432B09D03220E9
:1030100001F0D6FAFB6A0133FB62FB6A042BE8DDA0
:1030200000E000BF614B1B78432B40F0B8800A20C2
:1030300001F0C6FA47F20803BB8207F1140302222B
:1030400019462020FFF760FF47F208033B8207F193
:103050001003022219462120FFF756FF4FF47A7021
:1030600001F0AEFA4FF4FA733B62514B4FF000029D
:103070001A604F4B4FF000025A604D4B4FF0000268
:103080009A600023BB6259E03B1D0C2219460320C5
:10309000FFF766FFFB7A1BB21B021AB2BB7A1BB2A8
:1030A0001343FB837B7B1BB21B021AB23B7B1BB21D
:1030B0001343BB83FB7B1BB21B021AB2BB7B1BB24D
:1030C00013437B833A4B93ED007AB7F91E3007EE3A
:1030D000903AF8EEE76A9FED376AC6EE867A77EEA9
:1030E000277A334BC3ED007A314B93ED017AB7F970
:1030F0001C3007EE903AF8EEE76A9FED2E6AC6EEB6
:10310000867A77EE277A2A4BC3ED017A284B93ED26
:10311000027AB7F91A3007EE903AF8EEE76A9FEDB7
:10312000256AC6EE867A77EE277A214BC3ED027ABE
:10313000022001F045FABB6A0133BB62BA6A3B6AFE
:103140009A42A1DB00237B6215E0194A7B6A9B004F
:103150001344D3ED006A3B6A07EE903AB8EEE77A83
:10316000C6EE877A124A7B6A9B001344C3ED007A4D
:103170007B6A01337B627B6A022BE6DD0E4B0F4AD2
:103180001A600D4B0E4A5A600B4B0E4A9A6001F0C2
:103190000BFA03460C4A13600C4B01221A7000BF55
:1031A0003037BD4680BD00BF000C02401007002034
:1031B000200700203333834314070020D5F8E9BBF0
:1031C00096A3493C005943BC7007002034000020FE
:1031D000B0B596B000AFAC4B1B78432B40F0878264
:1031E0003B1D0C2219460320FFF7BAFE7B791BB268
:1031F0001B021AB23B791BB21343A7F85230FB797A
:103200001BB21B021AB2BB791BB21343A7F8503092
:103210007B7A1BB21B021AB23B7A1BB21343A7F88C
:103220004E30FB7A1BB21B021AB2BB7A1BB213439D
:10323000A7F84C307B7B1BB21B021AB23B7B1BB244
:103240001343A7F84A30FB7B1BB21B021AB2BB7BAD
:103250001BB21343A7F84830B7F9523007EE903A43
:10326000F8EEE77ADFED896A87EEA67A884BD3ED30
:10327000007A77EE677AC7ED117AB7F9503007EE2A
:10328000903AF8EEE77ADFED816A87EEA67A804B16
:10329000D3ED017A77EE677AC7ED107AB7F94E3041
:1032A00007EE903AF8EEE77ADFED786A87EEA67AD5
:1032B000774BD3ED027A77EE677AC7ED0F7AB7F9DD
:1032C0004C3007EE903AF8EEE77ADFED726A87EE5F
:1032D000A67A714BD3ED007A77EE677AC7ED0E7A56
:1032E000B7F94A3007EE903AF8EEE77ADFED696A0F
:1032F00087EEA67A684BD3ED017A77EE677AC7ED51
:103300000D7AB7F9483007EE903AF8EEE77ADFED3C
:10331000616A87EEA67A604BD3ED027A77EE677A20
:10332000C7ED0C7A5D4A7B6C13605D4A3B6C1360A1
:103330005C4AFB6B13605C4ABB6B13605B4A7B6B44
:1033400013605B4A3B6B13605A4BFB62594BBB6289
:10335000594BD3ED007A97ED117A37EE677AD7EDB6
:103360000B7A27EE277A544BD3ED007A77EE277A43
:10337000514BC3ED007A514BD3ED007A97ED107AA3
:1033800037EE677AD7ED0B7A27EE277A4B4BD3EDE2
:10339000007A77EE277A494BC3ED007A484BD3ED9C
:1033A000007A97ED0F7A37EE677AD7ED0B7A27EE32
:1033B000277A434BD3ED007A77EE277A404BC3ED63
:1033C000007A404BD3ED007A97ED0E7A37EE677AAC
:1033D000D7ED0A7A27EE277A3A4BD3ED007A77EECB
:1033E000277A384BC3ED007A374BD3ED007A97ED4F
:1033F0000D7A37EE677AD7ED0A7A27EE277A324BC5
:10340000D3ED007A77EE277A2F4BC3ED007A2F4B5E
:10341000D3ED007A97ED0C7A37EE677AD7ED0A7A1A
:1034200027EE277A294BD3ED007A77EE277A274BC0
:10343000C3ED007A234B1B68254A1360224B1B689F
:10344000244A1360214BD3ED007AF1EE677A224BC8
:10345000C3ED007A01F0A8F87862204B1B687A6A05
:10346000D31A07EE903AB8EE677ADFED1D6AC7EE21
:10347000267AC7ED157A194B1B687A6A9A4231D9B8
:10348000164A7B6A13602FE0100700200000804678
:10349000140700203333834320070020380700201F
:1034A0003C07002040070020440700204807002078
:1034B0004C0700209A99193E5C0700206007002005
:1034C0003000002064070020680700206C070020FF
:1034D00050070020540700205807002070070020E4
:1034E00000007A44864B7B65D7ED157A9FED857A8F
:1034F000F4EEC77AF1EE10FA01DD814B7B65824B69
:10350000D3ED007AF1EE677A17EE903A1846FDF7A0
:103510001BF804460D467D4B1B681846FDF714F852
:1035200002460B4643EC112B45EC104B11F0C6FC48
:1035300051EC100B70A3D3E90023FDF75DF80246B0
:103540000B4610461946FDF74FFB03463B62704B96
:103550001B681846FCF7F8FF04460D466A4B93EDCE
:10356000007A694BD3ED007A27EE277A674BD3EDCB
:10357000006A664BD3ED007A66EEA77A77EE277A7B
:1035800017EE900AFCF7E0FF02460B4643EC102BC7
:1035900011F096FCB0EE407AF0EE607AB0EE471A89
:1035A000F0EE671A45EC104B11F088FC51EC100B53
:1035B00051A3D3E90023FDF71FF802460B4610463E
:1035C0001946FDF711FB0346FB61524B1B68BB61BB
:1035D000514B1B687B61514B1B683B61504B1B7807
:1035E000002B0DD04F4A3B6A13604F4AFB691360B2
:1035F0004E4B4FF000021A60494B00221A7033E024
:1036000097ED067AD7ED157A27EE277A454BD3ED5D
:10361000007A77EE277A9FED467A27EE877AD7ED04
:10362000087ADFED446A67EEA67A77EE277A3D4B9B
:10363000C3ED007A97ED057AD7ED157A27EE277A54
:10364000394BD3ED007A77EE277A9FED397A27EE62
:10365000877AD7ED077ADFED376A67EEA67A77EEDD
:10366000277A314BC3ED007AD7ED047AF0EEE77A92
:10367000B6EE007AF4EEC77AF1EE10FA0DDD97EDB2
:10368000047AD7ED157A27EE277A284BD3ED007A06
:1036900077EE277A254BC3ED007A244BD3ED007AE1
:1036A0009FED257AF4EEC77AF1EE10FA0ADD1F4B92
:1036B000D3ED007A9FED217A77EEC77A1B4BC3EDED
:1036C000007A15E0194BD3ED007A9FED1D7AF4EEE8
:1036D000C77AF1EE10FA0BD5144BD3ED007A9FEDBB
:1036E000177A77EE877A114BC3ED007A00E000BFBE
:1036F0005837BD46B0BD00BF000000C0DCA54C403F
:103700006F12033BCDCCCC3D5C0700203000002085
:1037100060070020540700205007002058070020B1
:10372000340000202C070020300700203407002040
:1037300048E17A3F0AD7A33C000034430000B44379
:10374000000034C380B500AF174B184A1A60164BFF
:103750004FF482725A60144B00229A60124B00227E
:10376000DA60114B00221A610F4B00225A610E4B96
:103770004FF400729A610C4B1822DA610A4B002256
:103780001A62094B00225A62074B00229A62064BCA
:103790000A22DA62044806F02BFA0346002B01D015
:1037A000FEF772FC00BF80BD7407002000300140AE
:1037B00080B58AB000AF786007F1140300221A6068
:1037C0005A609A60DA601A617B681B68194A9342F2
:1037D0002BD100233B61184B5B6C174A43F4805399
:1037E0005364154B5B6C03F480533B613B690023CE
:1037F000FB60114B1B6B104A43F0020313630E4B2B
:103800001B6B03F00203FB60FB6838237B61022320
:10381000BB610023FB6103233B6205237B6207F14D
:1038200014031946054801F011FC00BF2837BD46B6
:1038300080BD00BF0030014000380240000402405B
:1038400080B483B000AF00237B60104B5B6C0F4AE9
:1038500043F4804353640D4B5B6C03F480437B6003
:103860007B6800233B60094B1B6C084A43F0805384
:103870001364064B1B6C03F080533B603B6800BF36
:103880000C37BD465DF8047B704700BF003802402E
:1038900080B400AF00BFFDE780B400AF00BFFDE71C
:1038A00080B400AF00BFFDE780B400AF00BFFDE70C
:1038B00080B400AF00BFFDE780B400AF00BFBD46DD
:1038C0005DF8047B704780B400AF00BFBD465DF873
:1038D000047B704780B400AF00BFBD465DF8047B39
:1038E000704780B500AF00F04BFE00BF80BD000008
:1038F00080B500AF024801F031F900BF80BD00BFC4
:103900009C03002080B500AF024801F027F900BFFA
:1039100080BD00BFA00A002080B500AF024801F0C2
:103920001DF900BF80BD00BF000B002080B500AFB7
:10393000024801F013F900BF80BD00BF400A00201B
:1039400080B500AF024801F009F900BF80BD00BF9B
:10395000E009002080B500AF024802F0B3F900BFD3
:1039600080BD00BF4803002080B500AF024802F0D0
:103970001AFB00BF80BD00BF4803002080B500AF28
:10398000024807F015FF00BF80BD00BF600800209F
:1039900080B500AF024807F00BFF00BF80BD00BF3D
:1039A000A808002080B500AF024807F001FF00BF63
:1039B00080BD00BFF008002080B500AF024801F0D4
:1039C000CDF800BF80BD00BFFC03002080B500AF74
:1039D000024801F0C3F800BF80BD00BF800900208D
:1039E00080B500AF024804F05CFB00BF80BD00BFA3
:1039F000A420002080B500AF024801F0AFF800BF5E
:103A000080BD00BF600B002080B500AF024807F00A
:103A1000CFFE00BF80BD00BF3809002080B400AFDA
:103A200001231846BD465DF8047B704780B582B01F
:103A300000AF786039600EF043FD034616221A602D
:103A40004FF0FF3318460837BD4680BD80B582B0C1
:103A500000AF78604FF0FF317868FFF7E7FF00BFF5
:103A6000FDE780B586B000AFF860B9607A600023EA
:103A70007B610AE0AFF300800146BB685A1CBA6064
:103A8000CAB21A707B6901337B617A697B689A429A
:103A9000F0DB7B6818461837BD4680BD80B586B020
:103AA00000AFF860B9607A6000237B6109E0BB6811
:103AB0005A1CBA601B781846AFF300807B6901334B
:103AC0007B617A697B689A42F1DB7B68184618371C
:103AD000BD4680BD80B483B000AF78604FF0FF3347
:103AE00018460C37BD465DF8047B704780B483B040
:103AF00000AF786039603B684FF400525A60002391
:103B000018460C37BD465DF8047B704780B483B01F
:103B100000AF7860012318460C37BD465DF8047B82
:103B2000704780B485B000AFF860B9607A60002358
:103B300018461437BD465DF8047B704780B586B0E3
:103B400000AF7860144A154BD31A7B617B693B61E7
:103B5000134B1B68002B02D1114B124A1A60104BF9
:103B60001A687B6813443A699A4207D20EF0A8FC9F
:103B700003460C221A604FF0FF3309E0084B1B6824
:103B8000FB60074B1A687B681344054A1360FB68A7
:103B900018461837BD4680BD000002200004000012
:103BA000CC070020F828002080B400AF064BD3F8E3
:103BB0008830054A43F47003C2F8883000BFBD4620
:103BC0005DF8047B704700BF00ED00E080B586B073
:103BD00000AF07F1080300221A605A609A60DA60A9
:103BE0003B4600221A605A601D4B4FF080421A601B
:103BF0001B4B53225A601A4B00229A60184B4FF00D
:103C0000FF32DA60164B00221A61154B00229A61CE
:103C1000134806F0BFFD0346002B01D0FEF734FA2F
:103C20004FF48053BB6007F1080319460C4807F0B6
:103C30004DF80346002B01D0FEF726FA00233B6027
:103C400000237B603B461946054807F01DFC0346F0
:103C5000002B01D0FEF718FA00BF1837BD4680BD13
:103C6000D007002080B58EB000AF07F128030022F6
:103C70001A605A609A60DA6007F1200300221A6025
:103C80005A603B1D00221A605A609A60DA601A611D
:103C90005A619A613D4B3E4A1A603C4B53225A602E
:103CA0003A4B00229A60394B44F61F62DA60374B78
:103CB00000221A61354B80229A61344806F06AFD71
:103CC0000346002B01D0FEF7DFF94FF48053BB62AF
:103CD00007F1280319462D4806F0F8FF0346002B8C
:103CE00001D0FEF7D1F9294806F00CFE0346002B5F
:103CF00001D0FEF7C9F900233B6200237B6207F184
:103D000020031946214807F0BFFB0346002B01D0D2
:103D1000FEF7BAF960237B600023BB600023FB60E1
:103D200000237B613B1D00221946184806F00CFF5A
:103D30000346002B01D0FEF7A7F93B1D04221946CC
:103D4000124806F001FF0346002B01D0FEF79CF954
:103D50003B1D082219460D4806F0F6FE0346002BCF
:103D600001D0FEF791F93B1D0C221946074806F0D9
:103D7000EBFE0346002B01D0FEF786F9034800F066
:103D80003FF800BF3837BD4680BD00BF180800208F
:103D90000004004080B485B000AF78607B681B6889
:103DA000B3F1804F0ED10023FB60134B1B6C124A02
:103DB00043F001031364104B1B6C03F00103FB6021
:103DC000FB6812E07B681B680C4A93420DD100230C
:103DD000BB60094B1B6C084A43F002031364064B9B
:103DE0001B6C03F00203BB60BB6800BF1437BD4609
:103DF0005DF8047B704700BF0038024000040040BB
:103E000080B58AB000AF786007F1140300221A6011
:103E10005A609A60DA601A617B681B68214A934293
:103E20003BD100233B61204B1B6B1F4A43F0010336
:103E300013631D4B1B6B03F001033B613B690023C4
:103E4000FB60194B1B6B184A43F002031363164BBC
:103E50001B6B03F00203FB60FB68C0237B61022342
:103E6000BB610023FB6100233B6202237B6207F1FD
:103E7000140319460D4801F0E9F803237B6102237E
:103E8000BB610023FB6100233B6202237B6207F1DD
:103E900014031946064801F0D9F800BF2837BD467B
:103EA00080BD00BF00040040003802400000024016
:103EB0000004024080B500AF124B134A1A60114B48
:103EC000124A5A600F4B4FF480529A600D4B4FF4D8
:103ED0000052DA600B4B4FF480621A61094B0C22DE
:103EE0005A61084B00229A61064B0022DA610548AC
:103EF00007F046FB0346002B01D0FEF7C5F800BFD4
:103F000080BD00BF6008002000100140A0860100B5
:103F100080B500AF114B124A1A60104B4FF4E132DA
:103F20005A600E4B00229A600C4B0022DA600B4B59
:103F300000221A61094B0C225A61084B00229A6137
:103F4000064B0022DA61054807F01AFB0346002BF6
:103F500001D0FEF799F800BF80BD00BFA80800207F
:103F60000044004080B500AF114B124A1A60104B5C
:103F70004FF4E1325A600E4B00229A600C4B002243
:103F8000DA600B4B00221A61094B0C225A61084B74
:103F900000229A61064B0022DA61054807F0F0FA28
:103FA0000346002B01D0FEF76FF800BF80BD00BFB5
:103FB000F00800200048004080B500AF114B124AC5
:103FC0001A60104B4FF416525A600E4B00229A6042
:103FD0000C4B0022DA600B4B00221A61094B0C22B9
:103FE0005A61084B00229A61064B0022DA610548AB
:103FF00007F0C6FA0346002B01D0FEF745F800BFD4
:1040000080BD00BF380900200014014080B590B089
:1040100000AF786007F12C0300221A605A609A60A2
:10402000DA601A617B681B68804A934265D100237D
:10403000BB627F4B5B6C7E4A43F0100353647C4B46
:104040005B6C03F01003BB62BB6A00237B62784B9E
:104050001B6B774A43F001031363754B1B6B03F033
:1040600001037B627B6A4FF4C063FB6202233B6304
:1040700000237B630323BB630723FB6307F12C034C
:1040800019466C4800F0E2FF6B4B6C4A1A606A4BB1
:104090004FF000625A60684B00229A60664B002223
:1040A000DA60654B4FF480621A61634B00225A61FB
:1040B000614B00229A61604B4FF48072DA615E4B73
:1040C0004FF440321A625C4B00225A625A4800F0A8
:1040D000ADFB0346002B01D0FDF7D6FF7B68564AA7
:1040E000DA63554A7B68936300220021252000F0A3
:1040F00066FB252000F07FFBAEE17B681B68504A21
:10410000934240F0A78000233B62494B1B6C484A16
:1041100043F400331364464B1B6C03F400333B62DF
:104120003B6A0023FB61424B1B6B414A43F0010396
:1041300013633F4B1B6B03F00103FB61FB690C2313
:10414000FB6202233B6300237B630323BB630723E0
:10415000FB6307F12C031946364800F077FF394B13
:10416000394A1A60374B4FF000625A60354B402293
:104170009A60344B0022DA60324B4FF480621A614D
:10418000304B00225A612F4B00229A612D4B0022A6
:10419000DA612C4B00221A622A4B00225A6229480B
:1041A00000F044FB0346002B01D0FDF76DFF7B6858
:1041B000244A9A63234A7B689363244B244A1A60F7
:1041C000224B4FF000625A60204B00229A601F4B36
:1041D0000022DA601D4B4FF480621A611B4B0022F3
:1041E0005A611A4B00229A61184B4FF48072DA61BF
:1041F000164B4FF400321A62144B00225A621348D5
:1042000000F014FB0346002B01D0FDF73DFF7B6857
:104210000E4ADA630D4A7B68936300220021262050
:1042200000F0CDFA262000F0E6FA15E1001001407A
:104230000038024000000240800900204064024033
:1042400000440040E0090020A0600240400A002035
:10425000886002407B681B68814A934240F09480EA
:104260000023BB617F4B1B6C7E4A43F480231364A5
:104270007C4B1B6C03F48023BB61BB6900237B6117
:10428000784B1B6B774A43F004031363754B1B6B2E
:1042900003F004037B617B694FF44063FB620223FC
:1042A0003B6300237B630323BB630723FB6307F1AB
:1042B0002C0319466C4800F0C9FE6C4B6C4A1A601E
:1042C0006A4B4FF000625A60684B00229A60674B5D
:1042D0000022DA60654B4FF480621A61634B002262
:1042E0005A61624B00229A61604B4FF48072DA612E
:1042F0005E4B4FF400321A625C4B00225A625B48FC
:1043000000F094FA0346002B01D0FDF7BDFE7B6858
:10431000564ADA63554A7B689363564B564A1A608D
:10432000544B4FF000625A60524B40229A60514BFE
:104330000022DA604F4B4FF480621A614D4B00222D
:104340005A614C4B00229A614A4B0022DA61494B78
:1043500000221A62474B00225A62464800F066FA71
:104360000346002B01D0FDF78FFE7B68414A9A631C
:10437000404A7B68936300220021272000F01FFA47
:10438000272000F038FA67E07B681B683B4A9342BD
:1043900062D100233B61334B5B6C324A43F0200314
:1043A0005364304B5B6C03F020033B613B6900239B
:1043B000FB602C4B1B6B2B4A43F004031363294B0C
:1043C0001B6B03F00403FB60FB68C023FB6202234A
:1043D0003B6300237B630323BB630823FB6307F179
:1043E0002C031946204800F031FE254B254A1A605F
:1043F000234B4FF020625A60214B40229A60204BA1
:104400000022DA601E4B4FF480621A611C4B0022BE
:104410005A611B4B00229A61194B0022DA61184B3A
:104420004FF480321A62164B00225A62144800F090
:10443000FDF90346002B01D0FDF726FE7B68104AEC
:104440009A630F4A7B68936300220021472000F0A3
:10445000B6F9472000F0CFF900BF4037BD4680BD18
:10446000004800400038024000080240A00A002036
:1044700028600240000B00205860024000140140F8
:10448000600B0020A0640240DFF834D0FFF78CFB03
:104490000C480D490D4A002302E0D458C45004339F
:1044A000C4188C42F9D30A4A0A4C002301E0136075
:1044B0000432A242FBD30EF009F8FDF7B3FC7047BB
:1044C0000000022000000020FC020020106601080D
:1044D000FC020020F4280020FEE7000080B500AFB9
:1044E0000E4B1B680D4A43F4007313600B4B1B68A3
:1044F0000A4A43F480631360084B1B68074A43F47D
:1045000080731360032000F04FF90F2000F008F8CB
:10451000FFF796F90023184680BD00BF003C02401B
:1045200080B582B000AF7860124B1A68124B1B78CE
:1045300019464FF47A73B3FBF1F3B2FBF3F3184669
:1045400000F067F90346002B01D001230EE07B68E1
:104550000F2B0AD8002279684FF0FF3000F02FF9B6
:10456000064A7B681360002300E0012318460837E1
:10457000BD4680BD38000020400000203C000020E7
:1045800080B400AF064B1B781A46064B1B681344D9
:10459000044A136000BFBD465DF8047B704700BF4E
:1045A00040000020C00B002080B400AF034B1B680C
:1045B0001846BD465DF8047B704700BFC00B002065
:1045C00080B584B000AF7860FFF7EEFFB8607B681D
:1045D000FB60FB68B3F1FF3F05D00A4B1B781A461E
:1045E000FB681344FB6000BFFFF7DEFF0246BB68B9
:1045F000D31AFA689A42F7D800BF00BF1037BD46F9
:1046000080BD00BF4000002080B485B000AF78605E
:104610007B6803F00703FB600C4BDB68BB60BA6888
:104620004FF6FF031340BB60FB681A02BB681343DD
:1046300043F0BF6343F40033BB60044ABB68D360FC
:1046400000BF1437BD465DF8047B704700ED00E005
:1046500080B400AF044BDB681B0A03F00703184665
:10466000BD465DF8047B704700ED00E080B483B088
:1046700000AF0346FB7197F90730002B0BDBFB798A
:1046800003F01F02074997F907305B09012000FA80
:1046900002F241F8232000BF0C37BD465DF8047BD1
:1046A000704700BF00E100E080B483B000AF034674
:1046B0003960FB7197F90730002B0ADB3B68DAB2EF
:1046C0000C4997F907301201D2B20B4483F800234A
:1046D0000AE03B68DAB20849FB7903F00F03043BB8
:1046E0001201D2B20B441A7600BF0C37BD465DF8FA
:1046F000047B704700E100E000ED00E080B489B089
:1047000000AFF860B9607A60FB6803F00703FB61F3
:10471000FB69C3F10703042B28BF0423BB61FB69BA
:104720000433062B02D9FB69033B00E000237B61C5
:104730004FF0FF32BB6902FA03F3DA43BB681A4059
:104740007B699A404FF0FF317B6901FA03F3D9434B
:104750007B680B40134318462437BD465DF8047B45
:104760007047000080B582B000AF78607B68013B85
:10477000B3F1807F01D301230FE00A4A7B68013B3C
:1047800053600F214FF0FF30FFF78EFF054B0022E3
:104790009A60044B07221A60002318460837BD466A
:1047A00080BD00BF10E000E080B582B000AF78604F
:1047B0007868FFF729FF00BF0837BD4680BD80B588
:1047C00086B000AF0346B9607A60FB7300237B615B
:1047D000FFF73EFF78617A68B9687869FFF78EFF66
:1047E000024697F90F3011461846FFF75DFF00BFEC
:1047F0001837BD4680BD80B582B000AF0346FB715F
:1048000097F907301846FFF731FF00BF0837BD465C
:1048100080BD80B582B000AF78607868FFF7A2FFF6
:10482000034618460837BD4680BD000080B586B0F7
:1048300000AF786000237B61FFF7B6FE38617B68CC
:10484000002B01D1012399E07B68022283F83520F7
:104850007B68002283F834207B681B681A687B68B9
:104860001B6822F001021A600FE0FFF79DFE02466E
:104870003B69D31A052B08D97B6820225A657B68CF
:10488000032283F83520032378E07B681B681B68CC
:1048900003F00103002BE8D17B681B681B687B6178
:1048A0007A69384B13407B617B685A687B689B68E8
:1048B0001A437B68DB681A437B681B691A437B6871
:1048C0005B691A437B689B691A437B68DB691A43FF
:1048D0007B681B6A13437A6913437B617B685B6A5D
:1048E000042B07D17B68DA6A7B681B6B13437A69F8
:1048F00013437B617B681B687A691A607B681B685D
:104900005B697B617B6923F007037B617B685B6A82
:104910007A6913437B617B685B6A042B17D17B68E0
:104920009B6A7A6913437B617B68DB6A002B0ED03C
:10493000786800F00FFB0346002B08D07B6840220C
:104940005A657B68012283F83520012316E07B68D5
:104950001B687A695A61786800F0C6FA0346FB6002
:104960007B68DB6D3F229A40FB689A607B6800227F
:104970005A657B68012283F83520002318461837D2
:10498000BD4680BD3F8010F080B586B000AFF860B6
:10499000B9607A603B600023FB75FB689B6D3B61EF
:1049A000FB6893F83430012B01D1022340E0FB680F
:1049B000012283F83420FB6893F83530DBB2012BF9
:1049C0002FD1FB68022283F83520FB6800225A654C
:1049D0003B687A68B968F86800F058FAFB68DB6DE4
:1049E0003F229A403B699A60FB681B681A68FB6823
:1049F0001B6842F016021A60FB681B6C002B07D084
:104A0000FB681B681A68FB681B6842F008021A60A2
:104A1000FB681B681A68FB681B6842F001021A6099
:104A200005E0FB68002283F834200223FB75FB7D40
:104A300018461837BD4680BD80B584B000AF786099
:104A40007B689B6DFB60FFF7AFFDB8607B6893F8F8
:104A50003530DBB2022B08D07B6880225A657B6838
:104A6000002283F83420012352E07B681B681A6817
:104A70007B681B6822F016021A607B681B685A6903
:104A80007B681B6822F080025A617B681B6C002BDC
:104A900003D17B689B6C002B07D07B681B681A686E
:104AA0007B681B6822F008021A607B681B681A6822
:104AB0007B681B6822F001021A6013E0FFF774FDA7
:104AC0000246BB68D31A052B0CD97B6820225A6595
:104AD0007B68032283F835207B68002283F834202A
:104AE000032315E07B681B681B6803F00103002BA0
:104AF000E4D17B68DB6D3F229A40FB689A607B685B
:104B0000012283F835207B68002283F834200023BB
:104B100018461037BD4680BD80B483B000AF7860C2
:104B20007B6893F83530DBB2022B04D07B6880229F
:104B30005A6501230CE07B68052283F835207B68E9
:104B40001B681A687B681B6822F001021A60002348
:104B500018460C37BD465DF8047B704780B586B0BB
:104B600000AF78600023BB608E4B1B688E4AA2FBAF
:104B700003239B0A7B617B689B6D3B613B691B68E0
:104B8000FB607B68DB6D08229A40FB681340002BBA
:104B90001AD07B681B681B6803F00403002B13D03A
:104BA0007B681B681A687B681B6822F004021A6025
:104BB0007B68DB6D08229A403B699A607B685B6D7D
:104BC00043F001027B685A657B68DB6D01229A40E5
:104BD000FB681340002B12D07B681B685B6903F0F5
:104BE0008003002B0BD07B68DB6D01229A403B6970
:104BF0009A607B685B6D43F002027B685A657B6854
:104C0000DB6D04229A40FB681340002B12D07B68B6
:104C10001B681B6803F00203002B0BD07B68DB6D65
:104C200004229A403B699A607B685B6D43F0040202
:104C30007B685A657B68DB6D10229A40FB681340E5
:104C4000002B43D07B681B681B6803F00803002B14
:104C50003CD07B68DB6D10229A403B699A607B6890
:104C60001B681B6803F48023002B18D07B681B682B
:104C70001B6803F40023002B08D17B681B6C002BFE
:104C800024D07B681B6C786898471FE07B689B6C1E
:104C9000002B1BD07B689B6C7868984716E07B687C
:104CA0001B681B6803F48073002B07D17B681B68AB
:104CB0001A687B681B6822F008021A607B681B6C0C
:104CC000002B03D07B681B6C786898477B68DB6D92
:104CD00020229A40FB681340002B00F08F807B68F5
:104CE0001B681B6803F01003002B00F087807B68B3
:104CF000DB6D20229A403B699A607B6893F83530DF
:104D0000DBB2052B36D17B681B681A687B681B6891
:104D100022F016021A607B681B685A697B681B6860
:104D200022F080025A617B681B6C002B03D17B68E8
:104D30009B6C002B07D07B681B681A687B681B681C
:104D400022F008021A607B68DB6D3F229A403B69C3
:104D50009A607B68012283F835207B68002283F803
:104D600034207B681B6D002B7ED07B681B6D7868C0
:104D7000984779E07B681B681B6803F48023002B4D
:104D80001DD07B681B681B6803F40023002B0DD12A
:104D90007B685B6C002B31D07B685B6C78689847D4
:104DA0002CE000BF38000020B5814E1B7B68DB6B18
:104DB000002B23D07B68DB6B786898471EE07B680C
:104DC0001B681B6803F48073002B0FD17B681B6882
:104DD0001A687B681B6822F010021A607B68012247
:104DE00083F835207B68002283F834207B68DB6BF6
:104DF000002B03D07B68DB6B786898477B685B6D22
:104E0000002B32D07B685B6D03F00103002B22D0B6
:104E10007B68052283F835207B681B681A687B68ED
:104E20001B6822F001021A60BB680133BB607A691B
:104E30009A4207D37B681B681B6803F00103002BB1
:104E4000F2D100E000BF7B68012283F835207B6847
:104E5000002283F834207B68DB6C002B05D07B6854
:104E6000DB6C7868984700E000BF1837BD4680BD0E
:104E700080B483B000AF78607B6893F83530DBB2E4
:104E800018460C37BD465DF8047B704780B485B08A
:104E900000AFF860B9607A603B60FB681B681A6815
:104EA000FB681B6822F480221A60FB681B683A6862
:104EB0005A60FB689B68402B08D1FB681B687A68C6
:104EC0009A60FB681B68BA68DA6007E0FB681B68D9
:104ED000BA689A60FB681B687A68DA6000BF1437AA
:104EE000BD465DF8047B704780B485B000AF786044
:104EF0007B681B68DBB2103B144AA2FB03231B092F
:104F0000FB60134AFB6813441B781A467B68DA651A
:104F1000FB68032B09D97B681B6823F47F7323F09C
:104F200003031A1D7B689A6507E07B681B6823F4FE
:104F30007F7323F003037A6893657B689B6D184643
:104F40001437BD465DF8047B704700BFABAAAAAA20
:104F5000FC60010880B485B000AF78600023FB736B
:104F60007B689B6ABB607B689B69002B1FD1BB6819
:104F7000032B56D801A252F823F000BF8D4F000832
:104F80009F4F00088D4F0008235000087B68DB6AA4
:104F900003F08073002B46D00123FB7343E07B6852
:104FA000DB6AB3F1C07F40D10123FB733DE07B6836
:104FB0009B69B3F5005F21D1BB68032B37D801A2F1
:104FC00052F823F0D54F0008DB4F0008D54F0008FA
:104FD000ED4F00080123FB7330E07B68DB6A03F0D0
:104FE0008073002B25D00123FB7322E07B68DB6AF2
:104FF000B3F1C07F1FD10123FB731CE0BB68022B00
:1050000003D9BB68032B03D018E00123FB7315E021
:105010007B68DB6A03F08073002B0ED00123FB73E7
:105020000BE000BF0AE000BF08E000BF06E000BFE1
:1050300004E000BF02E000BF00E000BFFB7B1846B9
:105040001437BD465DF8047B704700BF80B489B05B
:1050500000AF7860396000237B6100233B6100234F
:10506000BB610023FB616BE10122FB6902FA03F3E0
:105070007B613B681B687A6913403B613A697B69D5
:105080009A4240F05A813B685B6803F00303012BAE
:1050900005D03B685B6803F00303022B30D17B68CB
:1050A0009B68BB61FB695B00032202FA03F3DB43ED
:1050B000BA691340BB613B68DA68FB695B0002FABE
:1050C00003F3BA691343BB617B68BA699A607B6872
:1050D0005B68BB610122FB6902FA03F3DB43BA6937
:1050E0001340BB613B685B681B0903F00102FB696D
:1050F00002FA03F3BA691343BB617B68BA695A6069
:105100003B685B6803F00303032B17D07B68DB6805
:10511000BB61FB695B00032202FA03F3DB43BA695C
:105120001340BB613B689A68FB695B0002FA03F3BA
:10513000BA691343BB617B68BA69DA603B685B6834
:1051400003F00303022B23D1FB69DA087B680832E2
:1051500053F82230BB61FB6903F007039B000F2269
:1051600002FA03F3DB43BA691340BB613B681A6977
:10517000FB6903F007039B0002FA03F3BA691343C8
:10518000BB61FB69DA087B680832B96943F8221011
:105190007B681B68BB61FB695B00032202FA03F3B7
:1051A000DB43BA691340BB613B685B6803F00302F1
:1051B000FB695B0002FA03F3BA691343BB617B68C6
:1051C000BA691A603B685B6803F44033002B00F057
:1051D000B4800023FB60604B5B6C5F4A43F4804308
:1051E00053645D4B5B6C03F48043FB60FB685B4A7C
:1051F000FB699B08023352F82330BB61FB6903F063
:1052000003039B000F2202FA03F3DB43BA69134046
:10521000BB617B68524A93422BD07B68514A9342D0
:1052200025D07B68504A93421FD07B684F4A9342F7
:1052300019D07B684E4A934213D07B684D4A934203
:105240000DD07B684C4A934207D07B684B4A93420F
:1052500001D107230EE008230CE006230AE0052312
:1052600008E0042306E0032304E0022302E0012314
:1052700000E00023FA6902F0030292009340BA6949
:105280001343BB613549FB699B080233BA6941F896
:1052900023203B4B9B68BB613B69DB43BA691340EE
:1052A000BB613B685B6803F48013002B03D0BA69D1
:1052B0003B691343BB61324ABB699360304BDB6887
:1052C000BB613B69DB43BA691340BB613B685B6808
:1052D00003F40013002B03D0BA693B691343BB618D
:1052E000274ABB69D360264B5B68BB613B69DB43E4
:1052F000BA691340BB613B685B6803F40033002B61
:1053000003D0BA693B691343BB611D4ABB69536053
:105310001B4B1B68BB613B69DB43BA691340BB6134
:105320003B685B6803F48033002B03D0BA693B69A8
:105330001343BB61124ABB691360FB690133FB6114
:10534000FB690F2B7FF690AE00BF00BF2437BD4630
:105350005DF8047B704700BF003802400038014010
:10536000000002400004024000080240000C02401D
:10537000001002400014024000180240001C0240CD
:10538000003C014080B483B000AF78600B467B8066
:1053900013467B707B78002B03D07A887B689A61F8
:1053A00003E07B881A047B689A6100BF0C37BD4616
:1053B0005DF8047B7047000080B584B000AF786072
:1053C0007B68002B01D101232BE17B6893F83D30F2
:1053D000DBB2002B06D17B68002283F83C20786882
:1053E000FCF762FC7B68242283F83D207B681B6805
:1053F0001A687B681B6822F001021A607B681B68D0
:105400001A687B681B6842F400421A607B681B685C
:105410001A687B681B6822F400421A6004F0C0FB23
:10542000F8607B685B68814A934207D8FB68804AD2
:10543000934294BF01230023DBB206E0FB687D4A60
:10544000934294BF01230023DBB2002B01D0012340
:10545000E7E0FB68784AA2FB03239B0CBB607B68F8
:105460001B685B6823F03F017B681B68BA680A43CE
:105470005A607B681B681B6A23F03F017B685B688E
:105480006A4A934202D8BB68013309E0BB684FF413
:10549000967202FB03F3694AA2FB03239B090133C3
:1054A0007A6812680B4313627B681B68DB6923F41C
:1054B0004F4222F0FF027B685B685C498B4219D83F
:1054C000FB68591E7B685B685B00B1FBF3F3591CFA
:1054D00040F6FC730B40002B0AD0FB68591E7B681A
:1054E0005B685B00B1FBF3F30133C3F30B0351E0E3
:1054F00004234FE07B689B68002B11D1FB68581E8A
:105500007B6859680B465B000B44B0FBF3F3013337
:10551000C3F30B03002B0CBF01230023DBB212E00B
:10552000FB68581E7B6859680B469B000B4499002A
:105530000B44B0FBF3F30133C3F30B03002B0CBF9D
:1055400001230023DBB2002B01D0012322E07B6882
:105550009B68002B0ED1FB68581E7B6859680B4670
:105560005B000B44B0FBF3F30133C3F30B0343F4D1
:1055700000430FE0FB68581E7B6859680B469B0090
:105580000B4499000B44B0FBF3F30133C3F30B035B
:1055900043F44043796809681343CB617B681B6817
:1055A0001B6823F0C0017B68DA697B681B6A1A43B9
:1055B0007B681B680A431A607B681B689B6823F43E
:1055C000034323F0FF037A6811697A68D2681143B4
:1055D0007A6812680B4393607B681B68DB6823F072
:1055E000FF017B685A697B689B691A437B681B686B
:1055F0000A43DA607B681B681A687B681B6842F0A4
:1056000001021A607B6800221A647B68202283F8FA
:105610003D207B6800221A637B68002283F83E20CD
:10562000002318461037BD4680BD00BFA08601008C
:105630007F841E00FF083D0083DE1B43D34D6210B4
:1056400080B483B000AF78607B681B685B6903F04F
:105650008003802B03D17B681B6800221A6100BF86
:105660000C37BD465DF8047B7047000080B588B0FC
:1056700002AFF860084611461A4603467B810B4686
:105680003B811346FB80FEF78FFF7861FB6893F840
:105690003D30DBB2202B40F0D9807B690093192389
:1056A00001226D49F86802F035F90346002B01D05C
:1056B0000223CCE0FB6893F83C30012B01D102239C
:1056C000C5E0FB68012283F83C20FB681B681B686F
:1056D00003F00103012B07D0FB681B681A68FB6805
:1056E0001B6842F001021A60FB681B681A68FB68BD
:1056F0001B6822F400621A60FB68212283F83D20B7
:10570000FB68402283F83E20FB6800221A64FB6895
:105710003A6A5A62FB68BA8C5A85FB685B8D9AB20A
:10572000FB681A85FB684D4ADA62F8883A897989FC
:105730007B690193BB6A00930346F86801F0C4FEDD
:105740000346002B52D0012381E07A69B96AF868D8
:1057500002F0FAF90346002B0DD0FB681B6C042BFA
:1057600007D1FB681B681A68FB681B6842F400726B
:105770001A6001236BE0FB685B6A1A78FB681B68A0
:105780001A61FB685B6A5A1CFB685A62FB681B8DD6
:10579000013B9AB2FB681A85FB685B8D9BB2013BAB
:1057A0009AB2FB685A85FB681B685B6903F00403C7
:1057B000042B1BD1FB681B8D002B17D0FB685B6A89
:1057C0001A78FB681B681A61FB685B6A5A1CFB68E5
:1057D0005A62FB681B8D013B9AB2FB681A85FB6815
:1057E0005B8D9BB2013B9AB2FB685A85FB681B8DAF
:1057F000002BAAD17A69B96AF86802F0EDF903467C
:10580000002B0DD0FB681B6C042B07D1FB681B68B9
:105810001A68FB681B6842F400721A60012316E0E4
:10582000FB681B681A68FB681B6842F400721A6008
:10583000FB68202283F83D20FB68002283F83E208D
:10584000FB68002283F83C20002300E00223184676
:105850001837BD4680BD00BF020010000000FFFFEA
:1058600080B58CB002AFF860084611461A46034670
:105870007B810B463B811346FB80FEF795FE7862E9
:10588000FB6893F83D30DBB2202B40F014827B6A3A
:105890000093192301227B49F86802F03BF8034684
:1058A000002B01D0022307E2FB6893F83C30012B68
:1058B00001D1022300E2FB68012283F83C20FB684F
:1058C0001B681B6803F00103012B07D0FB681B68F2
:1058D0001A68FB681B6842F001021A60FB681B68CB
:1058E0001A68FB681B6822F400621A60FB682222B7
:1058F00083F83D20FB68402283F83E20FB680022AD
:105900001A64FB683A6B5A62FB68BA8E5A85FB6868
:105910005B8D9AB2FB681A85FB685B4ADA62F8888D
:105920003A8979897B6A0193BB6B00930346F868D7
:1059300001F060FE0346002B01D00123BCE1FB68AF
:105940001B8D002B13D100233B62FB681B685B6936
:105950003B62FB681B689B693B623B6AFB681B6898
:105960001A68FB681B6842F400721A6090E1FB68D9
:105970001B8D012B1BD1FB681B681A68FB681B6819
:1059800022F480621A600023FB61FB681B685B697C
:10599000FB61FB681B689B69FB61FB69FB681B681B
:1059A0001A68FB681B6842F400721A6070E1FB68B9
:1059B0001B8D022B1BD1FB681B681A68FB681B68D8
:1059C00022F480621A60FB681B681A68FB681B6817
:1059D00042F400621A600023BB61FB681B685B69CC
:1059E000BB61FB681B689B69BB61BB6950E100231D
:1059F0007B61FB681B685B697B61FB681B689B695B
:105A00007B617B6944E1FB681B8D032B00F2F18015
:105A1000FB681B8D012B23D17A6AB96BF86802F001
:105A200055F90346002B01D0012345E1FB681B68B3
:105A30001A69FB685B6AD2B21A70FB685B6A5A1C0F
:105A4000FB685A62FB681B8D013B9AB2FB681A85A2
:105A5000FB685B8D9BB2013B9AB2FB685A8517E1EC
:105A6000FB681B8D022B4ED17B6A0093BB6B00221F
:105A70000649F86801F04EFF0346002B08D00123C9
:105A80001AE100BF020010000000FFFF0400010047
:105A9000FB681B681A68FB681B6842F400721A6096
:105AA000FB681B681A69FB685B6AD2B21A70FB68F4
:105AB0005B6A5A1CFB685A62FB681B8D013B9AB2F9
:105AC000FB681A85FB685B8D9BB2013B9AB2FB6851
:105AD0005A85FB681B681A69FB685B6AD2B21A7048
:105AE000FB685B6A5A1CFB685A62FB681B8D013BB2
:105AF0009AB2FB681A85FB685B8D9BB2013B9AB238
:105B0000FB685A85C4E07B6A0093BB6B00226C493A
:105B1000F86801F0FFFE0346002B01D00123CBE023
:105B2000FB681B681A68FB681B6822F480621A60B5
:105B3000FB681B681A69FB685B6AD2B21A70FB6863
:105B40005B6A5A1CFB685A62FB681B8D013B9AB268
:105B5000FB681A85FB685B8D9BB2013B9AB2FB68C0
:105B60005A857B6A0093BB6B00225549F86801F0A7
:105B7000D1FE0346002B01D001239DE0FB681B688A
:105B80001A68FB681B6842F400721A60FB681B68A5
:105B90001A69FB685B6AD2B21A70FB685B6A5A1CAE
:105BA000FB685A62FB681B8D013B9AB2FB681A8541
:105BB000FB685B8D9BB2013B9AB2FB685A85FB6820
:105BC0001B681A69FB685B6AD2B21A70FB685B6A71
:105BD0005A1CFB685A62FB681B8D013B9AB2FB683A
:105BE0001A85FB685B8D9BB2013B9AB2FB685A85B4
:105BF0004EE07A6AB96BF86802F068F80346002B49
:105C000001D0012358E0FB681B681A69FB685B6AD6
:105C1000D2B21A70FB685B6A5A1CFB685A62FB6856
:105C20001B8D013B9AB2FB681A85FB685B8D9BB2AA
:105C3000013B9AB2FB685A85FB681B685B6903F0FD
:105C40000403042B24D1FB681B8D032B07D1FB68B5
:105C50001B681A68FB681B6822F480621A60FB6884
:105C60001B681A69FB685B6AD2B21A70FB685B6AD0
:105C70005A1CFB685A62FB681B8D013B9AB2FB6899
:105C80001A85FB685B8D9BB2013B9AB2FB685A8513
:105C9000FB681B8D002B7FF4B6AEFB68202283F8D7
:105CA0003D20FB68002283F83E20FB68002283F839
:105CB0003C20002300E0022318462837BD4680BD63
:105CC0000400010080B588B000AF78600023BB619C
:105CD0007B681B685B687B617B68DB6A3B617B6818
:105CE00093F83E30FB737B6893F83D30BB73FB7BCE
:105CF000102B03D0FB7B402B40F0C1807B681B68DE
:105D00009B69BB617B681B685B69FB61FB6903F096
:105D10000103002B0DD13B69B3F52A0F03D03B697A
:105D2000B3F12A4F01D1012300E00023012B00F041
:105D30003281FB6903F00103002B0CD07B695B0A05
:105D400003F00103002B06D0786802F04BF8786866
:105D500000F09BFD92E0FB69DB0803F00103002BE0
:105D600009D07B695B0A03F00103002B03D078683C
:105D700000F011FE82E0FB695B0803F00103002BD9
:105D800009D07B695B0A03F00103002B03D078681C
:105D900000F02BFE72E0BB699B0803F00103002BAF
:105DA0003BD07B681B685B6803F40063B3F5006F4E
:105DB00000F0F380FB69DB0903F00103002B0FD037
:105DC0007B699B0A03F00103002B09D0FB699B0848
:105DD00003F00103002B03D1786800F0F3F94DE0E4
:105DE000FB699B0803F00103002B00F0D6807B6960
:105DF0005B0A03F00103002B00F0CF80BB7B212B5B
:105E000003D1786800F07AFAC7E0FB7B402B40F0C2
:105E1000C480786800F0E8FABFE07B681B685B68C4
:105E200003F40063B3F5006F00F0B780FB699B09D2
:105E300003F00103002B0FD07B699B0A03F00103E1
:105E4000002B09D0FB699B0803F00103002B03D151
:105E5000786800F061FB11E0FB699B0803F0010327
:105E6000002B00F09A807B695B0A03F00103002B92
:105E700000F09380786800F017FC8EE08DE07B687E
:105E80001B6C002B04D07B681B685B69FB6107E01F
:105E90007B681B689B69BB617B681B685B69FB61F6
:105EA000FB695B0803F00103002B12D07B695B0ADE
:105EB00003F00103002B0CD07B681B6C002B03D07C
:105EC0007B681B689B69BB61B969786800F0DCFF7F
:105ED00066E0FB691B0903F00103002B09D07B6915
:105EE0005B0A03F00103002B03D0786801F016F879
:105EF00056E0BB7B212B02D0BB7B292B25D1FB6934
:105F0000DB0903F00103002B0FD07B699B0A03F030
:105F10000103002B09D0FB699B0803F00103002B50
:105F200003D1786800F0F2FE39E0FB699B0803F0CA
:105F30000103002B33D07B695B0A03F00103002BC4
:105F40002DD0786800F01FFF29E0FB699B0903F062
:105F50000103002B0FD07B699B0A03F00103002B88
:105F600009D0FB699B0803F00103002B03D178687B
:105F700000F02AFF14E0FB699B0803F00103002BEB
:105F80000ED07B695B0A03F00103002B08D0786810
:105F900000F058FF04E000BF02E000BF00E000BFD7
:105FA0002037BD4680BD80B58AB000AF78607B6881
:105FB0001B685B693B627B681B685B68FB61002355
:105FC0007B627B6893F83E30FB763B6A1B0A03F0EA
:105FD0000103002B0ED0FB691B0A03F00103002B09
:105FE00008D07B6A43F001037B627B681B686FF417
:105FF00080725A613B6A5B0A03F00103002B0ED0EA
:10600000FB691B0A03F00103002B08D07B6A43F0F5
:1060100002037B627B681B686FF400725A613B6A03
:106020009B0A03F00103002B3FD0FB691B0A03F01E
:106030000103002B39D0FB7EBB767B685B8D9BB266
:106040007B617B6893F83D30FB747B681B6BFB6066
:10605000BB7E202B12D17B69002B0FD1FB7C212B27
:1060600008D0FB7C292B05D0FB7C282B06D1FB68B4
:10607000212B03D1786801F081F816E07B681B685A
:106080006FF480625A617B6A43F004037B62FB7E9B
:10609000102B02D0FB7E402B07D17B681B681A684F
:1060A0007B681B6842F400721A603B6ADB0A03F0EB
:1060B0000103002B0ED0FB691B0A03F00103002B28
:1060C00008D07B6A43F008037B627B681B686FF42F
:1060D00000625A617B6A002B08D07B681A6C7B6A6D
:1060E0001A437B681A64786801F0BCF800BF28374F
:1060F000BD4680BD80B483B000AF786000BF0C3770
:10610000BD465DF8047B704780B483B000AF786013
:1061100000BF0C37BD465DF8047B704780B483B088
:1061200000AF786000BF0C37BD465DF8047B704758
:1061300080B483B000AF786000BF0C37BD465DF817
:10614000047B704780B483B000AF78600B46FB706F
:1061500013463B8000BF0C37BD465DF8047B70479B
:1061600080B483B000AF786000BF0C37BD465DF8E7
:10617000047B704780B483B000AF786000BF0C37F9
:10618000BD465DF8047B704780B483B000AF786093
:1061900000BF0C37BD465DF8047B704780B483B008
:1061A00000AF786000BF0C37BD465DF8047B7047D8
:1061B00080B483B000AF786000BF0C37BD465DF897
:1061C000047B704780B584B000AF78607B6893F83B
:1061D0003D30FB737B6893F83E30BB737B68DB6AB2
:1061E000BB607B681B8D002B50D1FB7B212B4DD1DD
:1061F000BB68082B1DD0BB68202B1AD0BB6813F5D9
:10620000803F16D07B681B685A687B681B6822F445
:10621000E0625A607B6811221A637B68002283F86F
:106220003E207B68202283F83D207868FFF762FFDC
:1062300060E07B681B685A687B681B6822F4E06238
:106240005A607B681B681A687B681B6842F400729E
:106250001A607B6800221A637B68202283F83D2045
:106260007B6893F83E30DBB2402B07D17B6800227D
:1062700083F83E207868FFF77DFF3BE07B680022D3
:1062800083F83E207868FFF735FF33E0FB7B212B56
:1062900005D0BB7B402B2DD1FB7B222B2AD17B68E9
:1062A0005B8D9BB2002B08D17B681B685A687B68AA
:1062B0001B6822F480625A601CE07B6893F83E30D1
:1062C000DBB2402B03D1786800F08EF812E07B68D7
:1062D0005B6A1A787B681B681A617B685B6A5A1C68
:1062E0007B685A627B685B8D9BB2013B9AB27B688C
:1062F0005A85FFE700BF1037BD4680BD80B584B02A
:1063000000AF78607B68DB6AFB607B6893F83D30A8
:10631000DBB2212B64D17B685B8D9BB2002B12D04A
:106320007B685B6A1A787B681B681A617B685B6AAA
:106330005A1C7B685A627B685B8D9BB2013B9AB2A8
:106340007B685A854CE0FB68082B1DD0FB68202B2E
:106350001AD0FB6813F5803F16D07B681B685A681B
:106360007B681B6822F4E0625A607B6811221A6322
:106370007B68002283F83E207B68202283F83D2042
:106380007868FFF7B7FE2BE07B681B685A687B686C
:106390001B6822F4E0625A607B681B681A687B689D
:1063A0001B6842F400721A607B6800221A637B68E3
:1063B000202283F83D207B6893F83E30DBB2402BEF
:1063C00007D17B68002283F83E207868FFF7D2FE71
:1063D00006E07B68002283F83E207868FFF78AFE9B
:1063E00000BF1037BD4680BD80B584B000AF786077
:1063F0007B6893F83D30FB737B681B6D002B1DD1D0
:106400007B68DB6C012B0BD17B689B6CDAB27B6801
:106410001B681A617B681B6D9A1C7B681A6577E0A4
:106420007B689B6C9BB21B12DAB27B681B681A619B
:106430007B681B6D5A1C7B681A6569E07B681B6D65
:10644000012B0BD17B689B6CDAB27B681B681A61ED
:106450007B681B6D5A1C7B681A6559E07B681B6D55
:10646000022B52D1FB7B222B0DD17B681B681A6853
:106470007B681B6842F480721A607B681B6D5A1C33
:106480007B681A6544E07B685B8D9BB2002B15D05E
:10649000FB7B212B12D17B685B6A1A787B681B68B7
:1064A0001A617B685B6A5A1C7B685A627B685B8DE9
:1064B0009BB2013B9AB27B685A8529E07B685B8D71
:1064C0009BB2002B24D1FB7B212B21D17B681B6845
:1064D0005A687B681B6822F4E0625A607B681B681C
:1064E0001A687B681B6842F400721A607B6800229D
:1064F0001A637B68202283F83D207B68002283F8A2
:106500003E207868FFF736FE02E07868FFF798F8DB
:1065100000BF1037BD4680BD80B584B000AF786045
:106520007B6893F83D30DBB2222B40F0B9807B686A
:10653000DB6AFB607B685B8D9BB2BB60BB68032B37
:1065400021D97B681B681A697B685B6AD2B21A70B2
:106550007B685B6A5A1C7B685A627B685B8D9BB266
:10656000013B9AB27B685A857B685B8D9BB2032B9B
:1065700040F096807B681B685A687B681B6822F431
:1065800080625A608CE07B68DB6A022B7FD0BB683C
:10659000012B02D0BB68002B79D1786801F064FB35
:1065A0000346002B4CD17B681B681A687B681B680C
:1065B00022F480621A607B681B685A687B681B68DB
:1065C00022F4E0625A607B681B681A697B685B6A28
:1065D000D2B21A707B685B6A5A1C7B685A627B680D
:1065E0005B8D9BB2013B9AB27B685A857B68202207
:1065F00083F83D207B6893F83E30DBB2402B0AD114
:106600007B68002283F83E207B6800221A6378684A
:10661000FFF7BAFD44E07B68002283F83E20FB6868
:10662000082B02D0FB68202B03D17B6800221A6361
:1066300002E07B6812221A637868FFF765FD2FE09D
:106640007B681B685A687B681B6822F4E0625A60AA
:106650007B681B681A697B685B6AD2B21A707B68B8
:106660005B6A5A1C7B685A627B685B8D9BB2013BFC
:106670009AB27B685A857B68202283F83D207B682C
:10668000002283F83E207868FFF788FD08E07B68E9
:106690001B685A687B681B6822F480625A60FFE7B7
:1066A00000BF1037BD4680BD80B584B000AF7860B4
:1066B0007B68DB6AFB607B685B8D9BB2042B1BD124
:1066C0007B681B685A687B681B6822F480625A608A
:1066D0007B681B681A697B685B6AD2B21A707B6838
:1066E0005B6A5A1C7B685A627B685B8D9BB2013B7C
:1066F0009AB27B685A85C4E07B685B8D9BB2032BA2
:1067000029D17B681B685A687B681B6822F4806209
:106710005A60FB68042B0AD0FB68022B07D07B6809
:106720001B681A687B681B6822F480621A607B68A9
:106730001B681A697B685B6AD2B21A707B685B6AF5
:106740005A1C7B685A627B685B8D9BB2013B9AB294
:106750007B685A8595E07B685B8D9BB2022B7DD16F
:10676000FB68012B02D0FB68102B08D17B681B68EB
:106770001A687B681B6822F480621A6016E0FB6866
:10678000042B02D0FB68022B08D17B681B681A68B7
:106790007B681B6842F480621A6007E07B681B68B4
:1067A0001A687B681B6842F400721A607B681B6879
:1067B0001A697B685B6AD2B21A707B685B6A5A1C82
:1067C0007B685A627B685B8D9BB2013B9AB27B68A7
:1067D0005A857B681B681A697B685B6AD2B21A703B
:1067E0007B685B6A5A1C7B685A627B685B8D9BB2D4
:1067F000013B9AB27B685A857B681B685A687B6844
:106800001B6822F440725A607B68202283F83D2086
:106810007B6893F83E30DBB2402B0AD17B680022C4
:1068200083F83E207B6800221A637868FFF7ACFC8F
:1068300027E07B68002283F83E20FB68082B02D00B
:10684000FB68202B03D17B6800221A6302E07B687F
:1068500012221A637868FFF757FC12E07B681B6806
:106860001A697B685B6AD2B21A707B685B6A5A1CD1
:106870007B685A627B685B8D9BB2013B9AB27B68F6
:106880005A8500BF1037BD4680BD80B483B000AFCD
:1068900078607B6893F83E30DBB2402B17D17B6881
:1068A0001B6D002B09D17B685B6CDBB21A467B68E1
:1068B0001B6802F0FE021A6167E07B685B6CDBB26A
:1068C00043F00103DAB27B681B681A615DE07B6804
:1068D0001B69B3F5804F33D17B6893F83D30DBB251
:1068E000212B09D17B685B6CDBB21A467B681B6885
:1068F00002F0FE021A6108E07B685B6CDBB243F0D9
:106900000103DAB27B681B681A617B685B6B002B42
:1069100004D07B685B6BDB6B002B08D17B689B6BC7
:10692000002B32D07B689B6BDB6B002B2DD07B6800
:106930001B685A687B681B6842F400625A6024E056
:106940007B681B6D002B0ED17B685B6C9BB2DB11EF
:10695000DBB203F00603DBB263F00F03DAB27B684D
:106960001B681A6111E07B681B6D012B0DD17B68E0
:106970005B6C9BB2DB11DBB203F00603DBB263F0AE
:106980000E03DAB27B681B681A6100BF0C37BD4684
:106990005DF8047B704780B483B000AF78607B689B
:1069A0005B6CDAB27B681B681A617B685B6B002BDF
:1069B00004D07B685B6BDB6B002B08D17B689B6B27
:1069C000002B0CD07B689B6BDB6B002B07D07B68AC
:1069D0001B685A687B681B6842F400625A6000BFFB
:1069E0000C37BD465DF8047B704780B491B000AFB2
:1069F00078607B6893F83E3087F83F307B68DB6ACD
:106A0000BB637B681B6B7B637B6893F83D30DBB2B9
:106A1000222B40F069817B681B6D002B0FD197F80A
:106A20003F30402B0BD100233B637B681B685B69C5
:106A30003B637B681B689B693B633B6B60E17B68E6
:106A40001B6D002B1DD17B681B69B3F5404F18D11E
:106A50000023FB627B681B685B69FB627B681B68C9
:106A60009B69FB62FB6A7B681B681A687B681B6812
:106A700042F480721A607B681B6D5A1C7B681A6531
:106A80003EE17B685B8D9BB2002B13D10023BB6280
:106A90007B681B685B69BB627B681B689B69BB6228
:106AA000BB6A7B681B681A687B681B6842F40072CB
:106AB0001A6015E17B685B8D9BB2012B40F08A80E8
:106AC000BB6B13F5803F37D17B681B681A687B6806
:106AD0001B6822F480621A607B681B685B6803F4A1
:106AE0000063B3F5006F13D17B681B681A687B687D
:106AF0001B6822F480621A6000237B627B681B683B
:106B00005B697B627B681B689B697B627B6AE7E0F1
:106B100000233B627B681B685B693B627B681B6888
:106B20009B693B623B6A7B681B681A687B681B68D1
:106B300042F400721A60D3E0BB6B082B2ED0BB6B03
:106B4000202B2BD07B6B122B02D1BB6B012B25D1C1
:106B5000BB6B042B0ED0BB6B022B0BD0BB6B102B73
:106B600008D07B681B681A687B681B6822F4806207
:106B70001A6007E07B681B681A687B681B6842F430
:106B800080621A600023FB617B681B685B69FB61A4
:106B90007B681B689B69FB61FB69A1E07B681B68E4
:106BA0001A687B681B6822F480621A600023BB614C
:106BB0007B681B685B69BB617B681B689B69BB6109
:106BC000BB697B681B681A687B681B6842F40072AB
:106BD0001A6085E07B685B8D9BB2022B4DD1BB6B4D
:106BE000042B16D0BB6B022B13D0BB6B102B10D019
:106BF0007B681B681A687B681B6822F480621A60D5
:106C00007B681B681A687B681B6842F400621A6024
:106C100007E07B681B681A687B681B6842F4806227
:106C20001A607B681B685B6803F40063B3F5006F50
:106C300017D1BB6B13F5803F0BD0BB6B012B08D07A
:106C4000BB6B082B05D0BB6B102B02D0BB6B202B72
:106C500007D17B681B685A687B681B6842F48052C6
:106C60005A6000237B617B681B685B697B617B6882
:106C70001B689B697B617B6932E07B681B681A68D3
:106C80007B681B6842F480621A607B681B685B68E3
:106C900003F40063B3F5006F17D1BB6B13F5803FAE
:106CA0000BD0BB6B012B08D0BB6B082B05D0BB6B8B
:106CB000102B02D0BB6B202B07D17B681B685A6856
:106CC0007B681B6842F480525A6000233B617B68FA
:106CD0001B685B693B617B681B689B693B613B6927
:106CE0007B6800221A650BE00023FB607B681B6851
:106CF0005B69FB607B681B689B69FB60FB68FFE767
:106D000000BF4437BD465DF8047B704780B584B052
:106D100000AF78607B6893F83D30FB737B685B8DD8
:106D20009BB2002B2BD07B685B6A1A787B681B6850
:106D30001A617B685B6A5A1C7B685A627B685B8D50
:106D40009BB2013B9AB27B685A857B685B8D9BB294
:106D5000002B14D1FB7B292B11D17B681B685A684F
:106D60007B681B6822F480625A607B6821221A6368
:106D70007B68282283F83D207868FFF7CFF900BFB1
:106D80001037BD4680BD80B483B000AF78607B68AB
:106D90005B8D9BB2002B11D07B685B6A1A787B6895
:106DA0001B681A617B685B6A5A1C7B685A627B6845
:106DB0005B8D9BB2013B9AB27B685A8500BF0C3752
:106DC000BD465DF8047B704780B584B000AF786045
:106DD0007B6893F83D30FB737B685B8D9BB2002B27
:106DE0002CD07B681B681A697B685B6AD2B21A7008
:106DF0007B685B6A5A1C7B685A627B685B8D9BB2BE
:106E0000013B9AB27B685A857B685B8D9BB2002BF5
:106E100014D1FB7B2A2B11D17B681B685A687B68D5
:106E20001B6822F480625A607B6822221A637B68A6
:106E3000282283F83D207868FFF77AF900BF1037E1
:106E4000BD4680BD80B483B000AF78607B685B8D49
:106E50009BB2002B12D07B681B681A697B685B6A47
:106E6000D2B21A707B685B6A5A1C7B685A627B6874
:106E70005B8D9BB2013B9AB27B685A8500BF0C3791
:106E8000BD465DF8047B704780B584B000AF786084
:106E900039600023FB737B6893F83D30DBB203F06D
:106EA0002803282B27D17B681B685A687B681B68DE
:106EB00022F480625A603B689B0803F00103002BB8
:106EC00001D10123FB733B68DB0903F00103002BB5
:106ED00003D17B68DB68BB8102E07B689B69BB8177
:106EE0007B68002283F83C20BA89FB7B19467868CE
:106EF000FFF728F90EE00023BB607B681B685B6925
:106F0000BB607B681B689B69BB60BB687B680022B9
:106F100083F83C2000BF1037BD4680BD80B584B0EB
:106F200000AF78607B6893F83D30FB737B681B682B
:106F30005A687B681B6822F4E0625A600023BB60D9
:106F40007B681B685B69BB607B681B681A687B6831
:106F50001B6842F001021A60BB687B681B681A68F4
:106F60007B681B6822F480621A607B681B685B6820
:106F700003F40063B3F5006F72D1FB7B222B02D0C8
:106F8000FB7B2A2B35D17B689B6B1B685B689AB2B5
:106F90007B685A857B685B8D9BB2002B05D07B6834
:106FA0001B6C43F004027B681A647B681B685A6898
:106FB0007B681B6822F400625A607B689B6B1846F2
:106FC000FDF756FF0346012B49D07B689B6B694A4E
:106FD0001A657B689B6B1846FDF79EFD0346002BE8
:106FE0003DD07B689B6B1B6D7A68926B104698470F
:106FF00035E07B685B6B1B685B689AB27B685A857F
:107000007B685B8D9BB2002B05D07B681B6C43F0CB
:1070100004027B681A647B681B685A687B681B687B
:1070200022F400625A607B685B6B1846FDF720FF14
:107030000346012B14D07B685B6B4E4A1A657B6854
:107040005B6B1846FDF768FD0346002B08D07B6894
:107050005B6B1B6D7A68526B1046984700E000BF6F
:107060007B685B8D9BB2002B3ED07B681B685B69A5
:1070700003F00403042B12D17B681B681A697B6838
:107080005B6AD2B21A707B685B6A5A1C7B685A6270
:107090007B685B8D9BB2013B9AB27B685A857B68AB
:1070A0001B685B6903F04003402B12D17B681B68AF
:1070B0001A697B685B6AD2B21A707B685B6A5A1C79
:1070C0007B685A627B685B8D9BB2013B9AB27B689E
:1070D0005A857B685B8D9BB2002B05D07B681B6C4F
:1070E00043F004027B681A647B681B6C002B03D09E
:1070F000786800F0B7F839E0FB7B2A2B09D17B6870
:1071000000221A637B68282283F83D207868FFF705
:107110000FF87B6893F83D30DBB2282B11D17B68E8
:10712000154ADA627B6800221A637B68202283F8A2
:107130003D207B68002283F83E207868FFF710F836
:1071400014E07B681B6B222B02D0FB7B222B0DD122
:107150007B6800221A637B68202283F83D207B68CD
:10716000002283F83E207868FEF7E2FF00BF103768
:10717000BD4680BDC57700080000FFFF80B584B024
:1071800000AF78607B6893F83D30FB737B68DB6A07
:10719000BB60BB68082B02D0BB68202B29D1FB7BCE
:1071A000282B26D17B682E4ADA627B681B685A68D6
:1071B0007B681B6822F4E0625A607B681B686FF48E
:1071C00080625A617B681B681A687B681B6822F4BE
:1071D00080621A607B6800221A637B68202283F831
:1071E0003D207B68002283F83E207868FEF7B8FFD8
:1071F00031E0FB7B212B29D17B68194ADA627B685D
:1072000021221A637B68202283F83D207B680022BC
:1072100083F83E207B681B685A687B681B6822F4F1
:10722000E0625A607B681B686FF480625A617B6819
:107230001B681A687B681B6822F480621A60786891
:10724000FEF7FEF97868FEF769FF04E07B681B68CB
:107250006FF480625A6100BF1037BD4680BD00BF29
:107260000000FFFF80B584B000AF78607B6893F8C2
:107270003D30FB737B6893F83E30BB73BB7B102BB8
:1072800002D0BB7B402B0AD1FB7B222B07D17B6832
:107290001B681A687B681B6822F400621A60FB7B1B
:1072A00003F02803282B07D17B6800221A637B6830
:1072B000282283F83D2015E07B681B685B6803F497
:1072C0000063B3F5006F0AD0FB7B602B07D07B68AF
:1072D000202283F83D207B68002283F83E207B68D3
:1072E00000221A637B681B685B6803F40063B3F5D4
:1072F000006F62D17B681B685A687B681B6822F448
:1073000000625A607B685B6B93F83530DBB2012B0F
:1073100020D07B685B6B6A4A1A657B685B6B18469A
:10732000FDF7FAFB0346002B00F089807B681B68A1
:107330001A687B681B6822F001021A607B682022B1
:1073400083F83D207B685B6B1B6D7A68526B10463F
:10735000984774E07B689B6B594A1A657B689B6B06
:107360001846FDF7D9FB0346002B68D07B681B68E5
:107370005B6903F04003402B0BD17B681B681A69E3
:107380007B685B6AD2B21A707B685B6A5A1C7B6846
:107390005A627B681B681A687B681B6822F00102CE
:1073A0001A607B68202283F83D207B689B6B1B6DF5
:1073B0007A68926B1046984741E07B6893F83D30BD
:1073C000DBB2602B25D17B68202283F83D207B68CF
:1073D00000221A647B681B685B6903F04003402B42
:1073E0000BD17B681B681A697B685B6AD2B21A7022
:1073F0007B685B6A5A1C7B685A627B681B681A68E8
:107400007B681B6822F001021A607868FEF7D0FEE4
:1074100015E07B681B685B6903F04003402B0BD1D0
:107420007B681B681A697B685B6AD2B21A707B68DA
:107430005B6A5A1C7B685A627868FEF7AFFE7B680D
:107440001B6CBB60BB6803F00103002B0ED1BB6853
:1074500003F00203002B09D1BB6803F00403002BE7
:1074600004D1BB6803F00803002B07D07B681B68BE
:107470005A687B681B6822F4E0625A607B6893F864
:107480003D30FB737B681B6C03F00403042B13D1AA
:10749000FB7B282B10D17B680A4ADA627B680022CA
:1074A0001A637B68202283F83D207B68002283F8E2
:1074B0003E207868FEF754FE00BF1037BD4680BD01
:1074C000C57700080000FFFF80B588B002AFF86004
:1074D000084611461A4603467B810B463B811346FC
:1074E000FB80FB681B681A68FB681B6842F48072AB
:1074F0001A607B6A00933B6A00224FF00111F86822
:1075000000F008FA0346002B0DD0FB681B681B68CF
:1075100003F48073B3F5807F03D1FB684FF40072EE
:107520001A6403235FE07B89DBB21A46FB681B68A1
:1075300002F0FE021A617B6A3A6A2D49F86800F08F
:1075400063FA0346002B01D001234CE000237B614A
:10755000FB681B685B697B61FB681B689B697B61DF
:107560007B697A6A396AF86800F0EEFA0346002B04
:107570000DD0FB681B6C042B07D1FB681B681A68D5
:10758000FB681B6842F400721A6001232BE0FB8841
:10759000012B05D13B89DAB2FB681B681A6121E037
:1075A0003B891B0A9BB2DAB2FB681B681A617A6AD4
:1075B000396AF86800F0C8FA0346002B0DD0FB6862
:1075C0001B6C042B07D1FB681B681A68FB681B68DF
:1075D00042F400721A60012305E03B89DAB2FB68CD
:1075E0001B681A61002318461837BD4680BD00BFCE
:1075F0000200010080B588B002AFF860084611466D
:107600001A4603467B810B463B811346FB80FB6891
:107610001B681A68FB681B6842F480621A60FB688A
:107620001B681A68FB681B6842F480721A607B6AE8
:1076300000933B6A00224FF00111F86800F06AF9EC
:107640000346002B0DD0FB681B681B6803F4807396
:10765000B3F5807F03D1FB684FF400721A640323F3
:10766000AAE07B89DBB21A46FB681B6802F0FE02C7
:107670001A617B6A3A6A5249F86800F0C5F9034614
:10768000002B01D0012397E000237B61FB681B687E
:107690005B697B61FB681B689B697B617B697A6ABC
:1076A000396AF86800F050FA0346002B0DD0FB68E9
:1076B0001B6C042B07D1FB681B681A68FB681B68EE
:1076C00042F400721A60012376E0FB88012B05D199
:1076D0003B89DAB2FB681B681A6121E03B891B0A0F
:1076E0009BB2DAB2FB681B681A617A6A396AF86879
:1076F00000F02AFA0346002B0DD0FB681B6C042B0C
:1077000007D1FB681B681A68FB681B6842F40072AB
:107710001A60012350E03B89DAB2FB681B681A61EA
:107720007A6A396AF86800F00FFA0346002B0DD028
:10773000FB681B6C042B07D1FB681B681A68FB688D
:107740001B6842F400721A60012335E0FB681B6875
:107750001A68FB681B6842F480721A607B6A0093A7
:107760003B6A00224FF00111F86800F0D3F803469D
:10777000002B0DD0FB681B681B6803F48073B3F506
:10778000807F03D1FB684FF400721A64032313E077
:107790007B89DBB243F00103DAB2FB681B681A6134
:1077A0007B6A3A6A0649F86800F02EF90346002B16
:1077B00001D0012300E0002318461837BD4680BDE4
:1077C0000200010080B586B000AF78600023FB6046
:1077D0007B689B6B7B617B6993F83D30FB744B4B03
:1077E0001B68DB084A4AA2FB03231A0A13469B00C4
:1077F0001344DA00D31AFB60FB68002B06D17B69C7
:107800001B6C43F020027B691A640AE0FB68013BB1
:10781000FB607B691B681B6803F40073B3F5007F92
:10782000EAD07B695B6B002B03D07B695B6B00222A
:10783000DA637B699B6B002B03D07B699B6B002217
:10784000DA637B691B681A687B691B6822F48062B3
:107850001A607B6900225A857B695B6B002B03D021
:107860007B695B6B00221A657B699B6B002B03D0E5
:107870007B699B6B00221A657B691B681A687B69B0
:107880001B6822F001021A607B6993F83D30DBB27D
:10789000602B0ED17B69202283F83D207B6900227A
:1078A00083F83E207B6900221A647869FEF780FC29
:1078B00027E0FB7C03F02803282B17D17B691B688A
:1078C0001A687B691B6842F001021A607B691B68B9
:1078D0001A687B691B6842F480621A607B69002227
:1078E0001A637B69282283F83D2007E07B69202208
:1078F00083F83D207B69002283F83E207869FEF7FB
:107900004DFC00BF1837BD4680BD00BF38000020C9
:1079100089B5F81480B584B000AFF860B9603B60F9
:107920001346FB7148E03B68B3F1FF3F44D0FCF7DE
:107930003BFE0246BB69D31A3A689A4202D33B68BF
:10794000002B39D1BB681B0CDBB2012B0DD1FB68BE
:107950001B685B69DA43BB6813409BB2002B0CBF0A
:1079600001230023DBB21A460CE0FB681B689B690D
:10797000DA43BB6813409BB2002B0CBF01230023EA
:10798000DBB21A46FB799A4216D1FB6800221A63D1
:10799000FB68202283F83D20FB68002283F83E200C
:1079A000FB681B6C43F02002FB681A64FB68002232
:1079B00083F83C20012323E0BB681B0CDBB2012BC6
:1079C0000DD1FB681B685B69DA43BB6813409BB24F
:1079D000002B0CBF01230023DBB21A460CE0FB682E
:1079E0001B689B69DA43BB6813409BB2002B0CBF3A
:1079F00001230023DBB21A46FB799A4293D000237D
:107A000018461037BD4680BD80B584B000AFF86021
:107A1000B9607A603B6071E0FB681B685B6903F4E6
:107A20008063B3F5806F23D1FB681B681A68FB681D
:107A30001B6842F400721A60FB681B686FF4806276
:107A40005A61FB6800221A63FB68202283F83D20FC
:107A5000FB68002283F83E20FB681B6C43F00402A5
:107A6000FB681A64FB68002283F83C20012367E06E
:107A70007B68B3F1FF3F41D0FCF796FD02463B68BF
:107A8000D31A7A689A4202D37B68002B36D1BB683E
:107A90001B0CDBB2012B0CD1FB681B685B69DA4362
:107AA000BB6813409BB2002B14BF01230023DBB241
:107AB0000BE0FB681B689B69DA43BB6813409BB211
:107AC000002B14BF01230023DBB2002B16D0FB6870
:107AD00000221A63FB68202283F83D20FB68002205
:107AE00083F83E20FB681B6C43F02002FB681A649D
:107AF000FB68002283F83C20012321E0BB681B0CBB
:107B0000DBB2012B0CD1FB681B685B69DA43BB68F5
:107B100013409BB2002B14BF01230023DBB20BE008
:107B2000FB681B689B69DA43BB6813409BB2002B60
:107B300014BF01230023DBB2002B7FF46DAF0023C1
:107B400018461037BD4680BD80B584B000AFF860E0
:107B5000B9607A6034E0F86800F015F90346002B4C
:107B600001D0012334E0BB68B3F1FF3F28D0FCF71C
:107B70001BFD02467B68D31ABA689A4202D3BB68DF
:107B8000002B1DD1FB681B685B6903F08003802B11
:107B900016D0FB6800221A63FB68202283F83D2080
:107BA000FB68002283F83E20FB681B6C43F0200238
:107BB000FB681A64FB68002283F83C20012307E07D
:107BC000FB681B685B6903F08003802BC3D1002333
:107BD00018461037BD4680BD80B584B000AFF86050
:107BE000B9607A6034E0F86800F0CDF80346002B05
:107BF00001D0012334E0BB68B3F1FF3F28D0FCF78C
:107C0000D3FC02467B68D31ABA689A4202D3BB6897
:107C1000002B1DD1FB681B685B6903F00403042B78
:107C200016D0FB6800221A63FB68202283F83D20EF
:107C3000FB68002283F83E20FB681B6C43F02002A7
:107C4000FB681A64FB68002283F83C20012307E0EC
:107C5000FB681B685B6903F00403042BC3D100239A
:107C600018461037BD4680BD80B485B000AF78603F
:107C70000023FB60134B1B68DB08134AA2FB0323A2
:107C80001A0A13469B001344FB60FB68013BFB6030
:107C9000FB68002B07D17B681B6C43F020027B68DC
:107CA0001A64012308E07B681B681B6803F40073F7
:107CB000B3F5007FE9D0002318461437BD465DF8C0
:107CC000047B70473800002089B5F81480B584B073
:107CD00000AFF860B9607A6049E0FB681B685B69D7
:107CE00003F01003102B19D1FB681B686FF0100212
:107CF0005A61FB6800221A63FB68202283F83D204A
:107D0000FB68002283F83E20FB681A6CFB681A644B
:107D1000FB68002283F83C20012330E0FCF744FCA0
:107D200002467B68D31ABA689A4202D3BB68002B1A
:107D30001DD1FB681B685B6903F04003402B16D024
:107D4000FB6800221A63FB68202283F83D20FB6851
:107D5000002283F83E20FB681B6C43F02002FB6886
:107D60001A64FB68002283F83C20012307E0FB68CB
:107D70001B685B6903F04003402BAED1002318461B
:107D80001037BD4680BD80B483B000AF78607B689B
:107D90001B685B6903F48063B3F5806F1BD17B685C
:107DA0001B686FF480625A617B6800221A637B68EB
:107DB000202283F83D207B68002283F83E207B68E8
:107DC0001B6C43F004027B681A647B68002283F812
:107DD0003C20012300E0002318460C37BD465DF827
:107DE000047B704780B483B000AF78607B68DB6A47
:107DF000B3F52A0F03D17B680122DA6207E07B68C2
:107E0000DB6AB3F12A4F02D17B680822DA6200BF35
:107E10000C37BD465DF8047B704780B586B002AF75
:107E200078607B68002B01D1012301E17B681B682E
:107E3000BB607B6893F89534DBB2002B06D17B687E
:107E4000002283F89424786808F044FB7B680322BE
:107E500083F89524BB68B3F1A04F02D17B68002260
:107E60009A717B681B68184604F007FF7B681868E6
:107E70007B681A7C8DF8002004330ECB04F0E6FDFD
:107E80000346002B05D07B68022283F8952401234A
:107E9000CEE07B681B680021184604F0FFFE034615
:107EA000002B05D07B68022283F895240123BFE0D4
:107EB0000023FB734AE0FA7B79681346DB00134426
:107EC0009B000B44153301221A70FA7B7968134624
:107ED000DB0013449B000B441433FA7B1A70FA7BCB
:107EE000FB7B98B279681346DB0013449B000B447C
:107EF0002E3302461A80FA7B79681346DB0013445E
:107F00009B000B44183300221A70FA7B79681346E1
:107F1000DB0013449B000B441C3300221A60FA7BE5
:107F200079681346DB0013449B000B442033002286
:107F30001A60FA7B79681346DB0013449B000B44FC
:107F4000243300221A60FB7B0133FB737B681B79AF
:107F5000FA7B9A42AFD30023FB7344E0FA7B796843
:107F60001346DB0013449B000B4403F2552300220D
:107F70001A70FA7B79681346DB0013449B000B44AC
:107F800003F51573FA7B1A70FA7B79681346DB00E8
:107F900013449B000B4403F5167300221A70FA7BFE
:107FA00079681346DB0013449B000B4403F51773F9
:107FB00000221A60FA7B79681346DB0013449B00A9
:107FC0000B4403F5187300221A60FA7B7968134694
:107FD000DB0013449B000B4403F5197300221A6065
:107FE000FB7B0133FB737B681B79FA7B9A42B5D329
:107FF0007B6818687B681A7C8DF8002004330ECBF0
:1080000004F098FE0346002B05D07B68022283F81B
:10801000952401230CE07B6800225A747B680122BE
:1080200083F895247B681B68184605F0E2FE002360
:1080300018461037BD4680BD80B584B000AF78606B
:108040007B681B68FB607B6893F89434012B01D13B
:10805000022322E07B68012283F89424FB68DB681A
:1080600003F04003002B09D07B685B7B012B05D11B
:10807000FB689B6B43F48032FB689A637B681B68E8
:10808000184604F0E9FD7B681B68184605F090FE71
:108090007B68002283F89424002318461037BD46DD
:1080A00080BD90B58DB000AF78607B681B683B6287
:1080B0003B6AFB617B681B68184605F04EFF034670
:1080C000002B40F08C847B681B68184605F0B2FEDC
:1080D0000346002B00F08284FB6903F500639B6874
:1080E0001B0AC3F30D027B68C3F8D4247B681B68AA
:1080F000184605F09FFE034603F00203022B07D14A
:108100007B681B685A697B681B6802F002025A612F
:108110007B681B68184605F08DFE034603F01003CC
:10812000102B61D17B681B689A697B681B6822F001
:1081300010029A613B6A1B6ABB61BB6903F00F02C4
:108140001346DB0013449B0003F514737A68134451
:1081500004337B61BB6903F4F013B3F5802F24D1A2
:10816000BA6947F6F0731340002B35D07B69D968A4
:10817000BB691B099BB2C3F30A039BB21A46386A58
:1081800005F0C4FC7B69DA68BB691B09C3F30A0309
:108190001A447B69DA607B695A69BB691B09C3F3BE
:1081A0000A031A447B695A6116E0BB6903F4F013B1
:1081B000B3F5402F10D17B6803F29C430822194687
:1081C000386A05F0A3FC7B695A69BB691B09C3F3D4
:1081D0000A031A447B695A617B681B689A697B6849
:1081E0001B6842F010029A617B681B68184605F014
:1081F00021FE034603F40023B3F5002F40F0A780CF
:1082000000237B627B681B68184605F026FEB86277
:1082100099E0BB6A03F00103002B00F08E807B68BD
:108220001B687A6AD2B21146184605F04AFE3861D8
:108230003B6903F00103002B0CD07B6A5A01FB69F8
:10824000134403F530631A4601239360796A786812
:1082500000F0A4FE3B6903F00803002B0CD07B6AFE
:108260005A01FB69134403F530631A4608239360EF
:10827000796A786800F07AFF3B6903F01003002BFD
:1082800008D07B6A5A01FB69134403F530631A4630
:10829000102393603B6903F00203002B30D03B6A4C
:1082A0005B6903F08003802B09D1FB6903F5006350
:1082B0005B68FA6902F5006243F4806353607A6A8E
:1082C0001346DB0013449B0003F514737A681344D0
:1082D00004337B617B69DB78012B08D17B69002249
:1082E000DA707B6ADBB21946786808F0F9F97B6AC4
:1082F0005A01FB69134403F530631A460223936065
:108300003B6903F02003002B08D07B6A5A01FB690C
:10831000134403F530631A46202393603B6903F44A
:108320000053002B09D07B6A5A01FB69134403F503
:1083300030631A464FF4005393607B6A01337B62CB
:10834000BB6A5B08BB62BB6A002B7FF462AF7B68D1
:108350001B68184605F06EFD034603F48023B3F551
:10836000802F40F0DB807B681B68184605F08FFD8E
:10837000B86200237B62CDE0BB6A03F00103002BEF
:1083800000F0C2807B681B687A6AD2B21146184638
:1083900005F0B5FD38613B6903F00103002B57D0B0
:1083A0007B6A03F00F03012202FA03F3FB60FB690F
:1083B00003F500635A6BFB68DB43F96901F5006163
:1083C00013404B637B6A5A01FB69134403F5106346
:1083D0001A46012393607B689B79012B32D179681F
:1083E0007A6A1346DB0013449B000B442033196860
:1083F00078687A6A1346DB0013449B0003441C33FD
:108400001B68194478687A6A1346DB0013449B00A2
:108410000344203319607B6A002B13D179687A6A90
:108420001346DB0013449B000B4424331B68002BD2
:1084300008D17B6818687B6803F29C431A460121C7
:1084400005F0BCFD7B6ADBB21946786808F0C3F81A
:108450003B6903F00803002B08D07B6A5A01FB69D3
:10846000134403F510631A46082393603B6903F035
:108470001003002B08D07B6A5A01FB69134403F5F3
:1084800010631A46102393603B6903F04003002BEE
:1084900008D07B6A5A01FB69134403F510631A463E
:1084A000402393603B6903F00203002B23D0796AD9
:1084B000386A04F0A3FD7A6A1346DB0013449B007C
:1084C00010337A68134404337B617B69DB78012BBA
:1084D00008D17B690022DA707B6ADBB219467868C2
:1084E00008F010F97B6A5A01FB69134403F5106325
:1084F0001A46022393603B6903F08003002B03D0EC
:10850000796A786800F0BDFC7B6A01337B62BB6AE4
:108510005B08BB62BB6A002B7FF42EAF7B681B68D5
:10852000184605F087FC034603F00043B3F1004F03
:1085300022D1FB6903F500635B68FA6902F500620A
:1085400023F0010353607B6893F8CC34012B08D1EE
:108550007B68002283F8CC240021786800F0A4FE18
:1085600002E0786808F0AEF87B681B685A697B689F
:108570001B6802F000425A617B681B68184605F0D0
:1085800059FC034603F40063B3F5006F12D1FB6995
:1085900003F500639B6803F00103012B02D17868A7
:1085A00008F06AF87B681B685A697B681B6802F4EC
:1085B00000625A617B681B68184605F03BFC034665
:1085C00003F48053B3F5805F40F0B780FB6903F597
:1085D00000635B68FA6902F5006223F001035360EF
:1085E0007B681B681021184604F008FD0023FB621D
:1085F00046E0FB6A5A01FB69134403F510631A460F
:108600004FF67F339360FB6A5A01FB69134403F50D
:1086100010631B68FA6A5101FA690A4402F5106294
:1086200023F400131360FB6A5A01FB69134403F53A
:1086300030631A464FF67F339360FB6A5A01FB6939
:10864000134403F530631B68FA6A5101FA690A445E
:1086500002F5306223F400131360FB6A5A01FB69D0
:10866000134403F530631B68FA6A5101FA690A443E
:1086700002F5306243F000631360FB6A0133FB6272
:108680007B681B791A46FB6A9342B2D3FB6903F5F8
:108690000063DB69FA6902F5006243F00113D361FC
:1086A0007B68DB7B002B16D0FB6903F50063D3F8F6
:1086B0008430FA6902F5006243F00B03C2F884309B
:1086C000FB6903F500635B6CFA6902F5006243F035
:1086D0000B03536415E0FB6903F500635B69FA69FA
:1086E00002F5006243F4005343F02B035361FB692E
:1086F00003F500631B69FA6902F5006243F00B039E
:108700001361FB6903F500631B68FA6902F50062F7
:1087100023F4FE6313607B6818687B6899797B6833
:1087200003F29C431A4605F049FC7B681B685A69B2
:108730007B681B6802F480525A617B681B6818468C
:1087400005F078FB034603F40053B3F5005F23D133
:108750007B681B68184605F00EFC7B681B68184692
:1087600004F0C5FC03461A467B68DA717B681C6816
:1087700001F00AFA01467B68DB791A46204604F0CC
:10878000C9F9786807F04FFF7B681B685A697B68F6
:108790001B6802F400525A617B681B68184605F09A
:1087A00049FB034603F00803082B0AD1786807F059
:1087B0002CFF7B681B685A697B681B6802F0080203
:1087C0005A617B681B68184605F034FB034603F0CA
:1087D0008003802B23D13B6A9B6923F080023B6A94
:1087E0009A6101237B6214E079687A6A1346DB00A0
:1087F00013449B000B4403F257231B78012B05D134
:108800007B6ADBB21946786800F00AFB7B6A0133A9
:108810007B627B681B791A467B6A9342E4D37B6850
:108820001B68184605F006FB034603F48013B3F5F6
:10883000801F3CD101237B622BE07B6A5A01FB69DC
:10884000134403F510631B68BB6179687A6A1346A9
:10885000DB0013449B000B4418331B78012B15D10C
:10886000BB69002B12DA79687A6A1346DB0013447D
:108870009B000B44173301221A707B6ADBB263F052
:108880007F03DBB21946786800F0CAFA7B6A0133CD
:108890007B627B681B791A467B6A9342CDD37B68E7
:1088A0001B685A697B681B6802F480125A617B68F6
:1088B0001B68184605F0BEFA034603F40013B3F52F
:1088C000001F56D101237B6245E07B6A5A01FB6998
:1088D000134403F530631B68BB6179687A6A1346F9
:1088E000DB0013449B000B4403F516731B78012B2C
:1088F0002ED1BB69002B2BDABB691A0C7B68D3F82D
:10890000D434534003F00103002B21D179687A6AF3
:108910001346DB0013449B000B4403F25723012250
:108920001A703B6A9B6943F080023B6A9A613B6A1A
:108930005B6903F08003002B0AD1FB6903F5006338
:108940005B68FA6902F5006243F40073536008E063
:108950007B6A01337B627B681B791A467B6A934290
:10896000B3D37B681B685A697B681B6802F40012EA
:108970005A617B681B68184605F05CFA034603F0F1
:108980008043B3F1804F0AD1786807F0CDFE7B6851
:108990001B685A697B681B6802F080425A617B68D9
:1089A0001B68184605F046FA034603F00403042B3F
:1089B00015D17B681B685B68BB61BB6903F004036E
:1089C000002B02D0786807F0BDFE7B681B685968F1
:1089D0007B681B68BA690A435A6000E000BF3437FD
:1089E000BD4690BD80B582B000AF78600B46FB708D
:1089F0007B6893F89434012B01D1022312E07B6849
:108A0000012283F894247B68FA785A747B681B6887
:108A1000FA781146184605F0A5F97B68002283F81C
:108A20009424002318460837BD4680BD80B584B025
:108A300000AF7860084611461A460346FB700B46A5
:108A40003B801346BB700023FB7297F90330002B69
:108A50000FDAFB7803F00F021346DB0013449B0090
:108A600010337A6813440433FB60FB6801225A70A8
:108A70000FE0FB7803F00F021346DB0013449B006A
:108A800003F514737A6813440433FB60FB68002217
:108A90005A70FB7803F00F03DAB2FB681A703B8858
:108AA000C3F30A02FB689A60FB68BA781A71FB6824
:108AB0005B78002B04D0FB681B781A46FB685A834E
:108AC000BB78022B02D1FB6800225A717B6893F8B5
:108AD0009434012B01D102230EE07B68012283F83C
:108AE00094247B681B68F968184604F025FB7B68B2
:108AF000002283F89424FB7A18461037BD4680BDC7
:108B000080B584B000AF78600B46FB7097F90330F6
:108B1000002B0FDAFB7803F00F021346DB0013443F
:108B20009B0010337A6813440433FB60FB68012216
:108B30005A700FE0FB7803F00F021346DB0013447A
:108B40009B0003F514737A6813440433FB60FB68DD
:108B500000225A70FB7803F00F03DAB2FB681A7038
:108B60007B6893F89434012B01D102230EE07B68DB
:108B7000012283F894247B681B68F968184604F086
:108B800063FB7B68002283F8942400231846103787
:108B9000BD4680BD80B586B000AFF8607A603B60AE
:108BA0000B46FB72FB7A03F00F021346DB00134403
:108BB0009B0003F51473FA68134404337B617B69EB
:108BC0007A68DA607B693A681A617B6900225A61C7
:108BD0007B6900225A70FB7A03F00F03DAB27B69DB
:108BE0001A70FB689B79012B02D17A687B69DA6184
:108BF000FB681868FB689B791A46796904F000FCE9
:108C0000002318461837BD4680BD80B483B000AF3E
:108C100078600B46FB70FB7803F00F02796813460F
:108C2000DB0013449B000B4403F51A731B681846C2
:108C30000C37BD465DF8047B704780B586B000AF49
:108C4000F8607A603B600B46FB72FB7A03F00F0220
:108C50001346DB0013449B001033FA6813440433BB
:108C60007B617B697A68DA607B693A681A617B6943
:108C700000225A617B6901225A70FB7A03F00F03CC
:108C8000DAB27B691A70FB689B79012B02D17A6892
:108C90007B69DA61FB681868FB689B791A46796919
:108CA00004F0AEFB002318461837BD4680BD80B5E2
:108CB00084B000AF78600B46FB70FB7803F00F03C5
:108CC0007A681279934201D901234FE097F9033072
:108CD000002B0FDAFB7803F00F021346DB0013447E
:108CE0009B0010337A6813440433FB60FB68012255
:108CF0005A700DE0FA781346DB0013449B0003F52D
:108D000014737A6813440433FB60FB6800225A70C2
:108D1000FB6801229A70FB7803F00F03DAB2FB685C
:108D20001A707B6893F89434012B01D102231DE063
:108D30007B68012283F894247B681B68F9681846D5
:108D400004F03CFFFB7803F00F03002B09D17B6894
:108D500018687B6899797B6803F29C431A4605F092
:108D60002DF97B68002283F89424002318461037DD
:108D7000BD4680BD80B584B000AF78600B46FB7007
:108D8000FB7803F00F037A681279934201D901232B
:108D900042E097F90330002B0FDAFB7803F00F0263
:108DA0001346DB0013449B0010337A6813440433EA
:108DB000FB60FB6801225A700FE0FB7803F00F02A2
:108DC0001346DB0013449B0003F514737A681344C5
:108DD0000433FB60FB6800225A70FB6800229A7023
:108DE000FB7803F00F03DAB2FB681A707B6893F824
:108DF0009434012B01D102230EE07B68012283F819
:108E000094247B681B68F968184604F045FF7B686A
:108E1000002283F89424002318461037BD4680BDF5
:108E200080B584B000AF78600B46FB7097F90330D3
:108E3000002B0CDAFB7803F00F021346DB0013441F
:108E40009B0010337A6813440433FB600CE0FB781A
:108E500003F00F021346DB0013449B0003F5147369
:108E60007A6813440433FB607B681B68F968184612
:108E700004F064FD0346FB72FB7A18461037BD46CA
:108E800080BD80B58AB002AF786039607B681B68AE
:108E90007B617B693B613A681346DB0013449B00AE
:108EA00010337A6813440433FB60FB685A69FB682B
:108EB0001B699A4201D901236BE0FB681A69FB68C0
:108EC0005B69D31AFB61FB689B68FA699A4202D915
:108ED000FB689B68FB61FB6903339B08BB612AE06D
:108EE000FB681A69FB685B69D31AFB61FB689B68C6
:108EF000FA699A4202D9FB689B68FB61FB690333FC
:108F00009B08BB61FB68D9683B68DAB2FB6998B221
:108F10007B689B7900930346786904F0B9FDFB6890
:108F2000DA68FB691A44FB68DA60FB685A69FB6916
:108F30001A44FB685A613B685A013B69134403F5C4
:108F400010639B699BB2BA699A4209D8FB685A6957
:108F5000FB681B699A4203D2FB681B69002BBFD1D7
:108F6000FB681A69FB685B699A4211D83B6803F099
:108F70000F03012202FA03F3BB603B6903F50063B0
:108F80005A6BBB68DB43396901F5006113404B63E1
:108F9000002318462037BD4680BD000080B588B04C
:108FA00000AF786039607B681B68FB61FB69BB615F
:108FB000FB693C3304331B687B613B685A01BB6926
:108FC000134403F530639B683B617B689B79012BFD
:108FD0007BD13B6903F00803002B15D07B69614A04
:108FE000934240F2B9803B6903F40043002B00F048
:108FF000B3803B685A01BB69134403F530631A46DA
:109000004FF400439360A7E03B6903F02003002B7B
:1090100009D03B685A01BB69134403F530631A4613
:109020002023936098E03B6903F02803002B40F075
:1090300093807B694B4A93420FD93B6903F4004309
:10904000002B0AD03B685A01BB69134403F5306317
:109050001A464FF4004393607EE03A681346DB0003
:1090600013449B0003F514737A6813440433FB60C4
:10907000FB681A6A3B685901BB690B4403F530630E
:109080001B69C3F31203D21AFB685A613B68002BB9
:1090900014D1FB681B69002B09D17B6818687B68B9
:1090A00003F29C431A46012104F088FF06E0FB68A6
:1090B000DA68FB685B691A44FB68DA603B68DBB21C
:1090C0001946786807F06CFA46E07B69264A9342B5
:1090D00024D13B6903F40043002B0AD03B685A01BA
:1090E000BB69134403F530631A464FF400439360A1
:1090F00032E03B6903F02003002B08D03B685A01A3
:10910000BB69134403F530631A46202393603B6820
:10911000DBB21946786807F043FA1DE03B68002B84
:1091200014D179683A681346DB0013449B000B4462
:1091300003F519731B68002B08D17B6818687B68DE
:1091400003F29C431A46002104F038FF3B68DBB26F
:109150001946786807F024FA002318462037BD46E0
:1091600080BD00BF0A30544F0A31544F80B586B0DD
:1091700000AF786039607B681B687B617B693B610D
:109180007B693C3304331B68FB603B685A013B69D5
:10919000134403F530639B68BB60FB68154A934238
:1091A0000ED9BB6803F40043002B09D03B685A0179
:1091B0003B69134403F530631A464FF40043936050
:1091C000786807F0DBF9FB680A4A93420CD97B68A0
:1091D0009B79012B08D17B6818687B6803F29C435C
:1091E0001A46012104F0EAFE002318461837BD464E
:1091F00080BD00BF0A30544F80B485B000AF7860A6
:109200000B46FB7013463B807B681B685B6ABB6048
:10921000FB78002B07D13B8819047B681B68BA6870
:109220000A439A6228E07B681B689B6A1B0CBA6839
:109230001344BB600023FB730DE07B681A68FB7B63
:1092400040339B0013445B681B0CBA681344BB603B
:10925000FB7B0133FB73FA7BFB78013B9A42ECD337
:109260003B8818047B681968FB78013BBA680243A5
:1092700040339B000B445A60002318461437BD4608
:109280005DF8047B704780B483B000AF78600B4614
:109290007B807B681B687A885A62002318460C37EB
:1092A000BD465DF8047B704780B483B000AF786042
:1092B0000B46FB7000BF0C37BD465DF8047B704762
:1092C00080B586B000AF78607B68002B01D10123A8
:1092D00067E27B681B6803F00103002B75D0884BA5
:1092E0009B6803F00C03042B0CD0854B9B6803F0A8
:1092F0000C03082B12D1824B5B6803F48003B3F597
:10930000800F0BD17E4B1B6803F40033002B5BD026
:109310007B685B68002B57D1012342E27B685B6866
:10932000B3F5803F06D1764B1B68754A43F4803312
:1093300013601DE07B685B68B3F5A02F0CD1704B08
:109340001B686F4A43F4802313606D4B1B686C4AA3
:1093500043F4803313600BE0694B1B68684A23F4C5
:1093600080331360664B1B68654A23F480231360C7
:109370007B685B68002B13D0FBF716F9386108E0B7
:10938000FBF712F902463B69D31A642B01D9032378
:1093900007E25B4B1B6803F40033002BF0D014E0B2
:1093A000FBF702F9386108E0FBF7FEF802463B697B
:1093B000D31A642B01D90323F3E1514B1B6803F447
:1093C0000033002BF0D100E000BF7B681B6803F086
:1093D0000203002B63D04A4B9B6803F00C03002B65
:1093E0000BD0474B9B6803F00C03082B1CD1444B5C
:1093F0005B6803F48003002B16D1414B1B6803F01C
:109400000203002B05D07B68DB68012B01D0012310
:10941000C7E13B4B1B6823F0F8027B681B69DB004C
:10942000374913430B603AE07B68DB68002B20D0A0
:10943000344B01221A60FBF7B7F8386108E0FBF7FC
:10944000B3F802463B69D31A022B01D90323A8E1E2
:109450002B4B1B6803F00203002BF0D0284B1B683A
:1094600023F0F8027B681B69DB00254913430B607E
:1094700015E0244B00221A60FBF796F8386108E0EB
:10948000FBF792F802463B69D31A022B01D903235A
:1094900087E11B4B1B6803F00203002BF0D17B68B4
:1094A0001B6803F00803002B36D07B685B69002B38
:1094B00016D0154B01221A60FBF776F8386108E0E8
:1094C000FBF772F802463B69D31A022B01D903233A
:1094D00067E10B4B5B6F03F00203002BF0D01BE046
:1094E000094B00221A60FBF75FF838610EE0FBF7CA
:1094F0005BF802463B69D31A022B07D9032350E1DC
:109500000038024000004742800E4742884B5B6FA4
:1095100003F00203002BEAD17B681B6803F004030D
:10952000002B00F097800023FB75814B1B6C03F030
:109530008053002B0FD10023BB607D4B1B6C7C4AFA
:1095400043F0805313647A4B1B6C03F08053BB6071
:10955000BB680123FB75774B1B6803F48073002BFA
:1095600018D1744B1B68734A43F480731360FBF784
:109570001BF8386108E0FBF717F802463B69D31A7D
:10958000022B01D903230CE16A4B1B6803F480739F
:10959000002BF0D07B689B68012B06D1644B1B6FBE
:1095A000634A43F0010313671CE07B689B68052B4B
:1095B0000CD15F4B1B6F5E4A43F0040313675C4B97
:1095C0001B6F5B4A43F0010313670BE0584B1B6FA3
:1095D000574A23F001031367554B1B6F544A23F07E
:1095E000040313677B689B68002B15D0FAF7DCFF38
:1095F00038610AE0FAF7D8FF02463B69D31A41F214
:109600008832934201D90323CBE0494B1B6F03F00F
:109610000203002BEED014E0FAF7C6FF38610AE02F
:10962000FAF7C2FF02463B69D31A41F288329342ED
:1096300001D90323B5E03E4B1B6F03F00203002B5F
:10964000EED1FB7D012B05D1394B1B6C384A23F041
:10965000805313647B689B69002B00F0A180344B1E
:109660009B6803F00C03082B5CD07B689B69022B82
:1096700041D1314B00221A60FAF796FF386108E0B9
:10968000FAF792FF02463B69D31A022B01D9032352
:1096900087E0274B1B6803F00073002BF0D17B6839
:1096A000DA697B681B6A1A437B685B6A9B011A4311
:1096B0007B689B6A5B08013B1B041A437B68DB6A7F
:1096C0001B061B4913434B601B4B01221A60FAF720
:1096D0006BFF386108E0FAF767FF02463B69D31A6F
:1096E000022B01D903235CE0114B1B6803F00073CC
:1096F000002BF0D054E0104B00221A60FAF754FF10
:10970000386108E0FAF750FF02463B69D31A022B92
:1097100001D9032345E0064B1B6803F00073002BBF
:10972000F0D13DE07B689B69012B07D1012338E034
:109730000038024000700040600047421B4B5B68ED
:10974000FB607B689B69012B28D0FB6803F48002D7
:109750007B68DB699A4221D1FB6803F03F027B689A
:109760001B6A9A421AD1FA6847F6C07313407A68A6
:10977000526A9201934211D1FB6803F440327B6834
:109780009B6A5B08013B1B049A4207D1FB6803F00C
:1097900070627B68DB6A1B069A4201D0012300E0FD
:1097A000002318461837BD4680BD00BF0038024070
:1097B00080B584B000AF786039607B68002B01D140
:1097C0000123CCE0684B1B6803F007033A689A4218
:1097D0000CD9654B3A68D2B21A70634B1B6803F020
:1097E00007033A689A4201D00123B8E07B681B68FE
:1097F00003F00203002B20D07B681B6803F00403F6
:10980000002B05D0594B9B68584A43F4E0539360B2
:109810007B681B6803F00803002B05D0534B9B6843
:10982000524A43F460439360504B9B6823F0F0022C
:109830007B689B684D4913438B607B681B6803F012
:109840000103002B44D07B685B68012B07D1474B99
:109850001B6803F40033002B19D101237FE07B68E0
:109860005B68022B03D07B685B68032B07D13F4BFF
:109870001B6803F00073002B09D101236FE03B4B01
:109880001B6803F00203002B01D1012367E0374B73
:109890009B6823F003027B685B68344913438B6049
:1098A000FAF782FEF8600AE0FAF77EFE0246FB68ED
:1098B000D31A41F28832934201D903234FE02B4B54
:1098C0009B6803F00C027B685B689B009A42EBD1BB
:1098D000254B1B6803F007033A689A420CD2224BCF
:1098E0003A68D2B21A70204B1B6803F007033A683B
:1098F0009A4201D0012332E07B681B6803F0040325
:10990000002B08D0194B9B6823F4E0527B68DB687E
:10991000164913438B607B681B6803F00803002B18
:1099200009D0124B9B6823F460427B681B69DB0003
:109930000E4913438B6000F021F802460B4B9B68E5
:109940001B0903F00F030A49CB5C22FA03F3094A0F
:109950001360094B1B681846FAF7E2FD002318460E
:109960001037BD4680BD00BF003C024000380240B9
:10997000E4600108380000203C0000202DE9B04FD1
:1099800094B000AF00237B640023FB6400233B649E
:109990000023BB64794B9B6803F00C03082B0DD0AC
:1099A000082B00F2E180002B02D0042B03D0DBE077
:1099B000734BBB64DBE0734BBB64D8E06F4B5B68FD
:1099C00003F03F037B646D4B5B6803F48003002B63
:1099D00063D06A4B5B689B090022BB63FA63BB6B75
:1099E000C3F308033B6300237B63D7E90C4522469E
:1099F0002B464FF000004FF00001590141EAD261BF
:109A0000500102460B462146511A3961294663EB43
:109A100001037B614FF000024FF00003D7E904AB74
:109A200059468B01514643EA916351468A0151469A
:109A3000B2EB0108594663EB01094FF000024FF009
:109A400000034FEAC90343EA58734FEAC80290463D
:109A50009946234618EB0303BB602B4649EB0303EF
:109A6000FB604FF000024FF00003D7E902452946A2
:109A70004B02214643EAD15321464A021046194679
:109A80007B6C0022BB62FA62D7E90A23F7F7FCF885
:109A900002460B461346FB6458E0384B5B689B0953
:109AA000002218461146C0F308033B6200237B6284
:109AB000D7E9088942464B464FF000004FF00001BD
:109AC000590141EAD261500102460B464146B2EBD0
:109AD000010A494663EB010B4FF000024FF000030F
:109AE0004FEA8B1343EA9A634FEA8A12B2EB0A04F5
:109AF00063EB0B054FF000024FF00003EB0043EA6D
:109B00005473E20014461D464346E3183B604B463F
:109B100045EB03037B604FF000024FF00003D7E9F1
:109B2000004529468B02214643EA915321468A0289
:109B3000104619467B6C0022BB61FA61D7E9062307
:109B4000F7F7A2F802460B461346FB640B4B5B6823
:109B50001B0C03F0030301335B003B64FA6C3B6CAA
:109B6000B2FBF3F3BB6402E0054BBB6400BFBB6C0C
:109B700018465037BD46BDE8B08F00BF00380240E0
:109B80000024F40000127A0080B400AF034B1B687D
:109B90001846BD465DF8047B704700BF38000020C2
:109BA00080B500AFFFF7F0FF0246054B9B689B0AAC
:109BB00003F007030349CB5C22FA03F3184680BD88
:109BC00000380240F460010880B500AFFFF7DCFF09
:109BD0000246054B9B685B0B03F007030349CB5C14
:109BE00022FA03F3184680BD00380240F4600108F1
:109BF00080B582B000AF78607B68002B01D1012373
:109C00007BE07B685B6A002B08D17B685B68B3F5FF
:109C1000827F09D07B680022DA6105E07B68002240
:109C20001A617B6800225A617B6800229A627B6815
:109C300093F85130DBB2002B06D17B68002283F809
:109C400050207868F9F7B4FD7B68022283F8512030
:109C50007B681B681A687B681B6822F040021A60E8
:109C60007B685B6803F482727B689B6803F404433F
:109C70001A437B68DB6803F400631A437B681B6943
:109C800003F002031A437B685B6903F001031A4384
:109C90007B689B6903F400731A437B68DB6903F0FC
:109CA00038031A437B681B6A03F0800342EA03010E
:109CB0007B689B6A03F400527B681B680A431A6046
:109CC0007B689B691B0C03F004017B685B6A03F0F3
:109CD00010027B681B680A435A607B681B68DA695C
:109CE0007B681B6822F40062DA617B6800225A6597
:109CF0007B68012283F85120002318460837BD46AF
:109D000080BD80B588B000AFF860B9603B60134695
:109D1000FB80FAF749FCF861FB887B83FB6893F8CA
:109D20005130DBB2012B01D002232AE1BB68002BAA
:109D300002D0FB88002B01D1012322E1FB6893F8BC
:109D40005030012B01D102231BE1FB68012283F873
:109D50005020FB68032283F85120FB6800225A65DB
:109D6000FB68BA681A63FB68FA889A86FB68FA8807
:109D7000DA86FB6800229A63FB6800229A87FB68F8
:109D80000022DA87FB6800225A64FB6800221A640A
:109D9000FB689B68B3F5004F0FD1FB681B681A681E
:109DA000FB681B6822F040021A60FB681B681A6897
:109DB000FB681B6842F480421A60FB681B681B68E2
:109DC00003F04003402B07D0FB681B681A68FB6850
:109DD0001B6842F040021A60FB68DB68B3F5006F55
:109DE00052D1FB685B68002B02D07B8B012B45D1E5
:109DF000FB681B6B1A88FB681B68DA60FB681B6BCF
:109E00009A1CFB681A63FB68DB8E9BB2013B9AB21B
:109E1000FB68DA8632E0FB681B689B6803F002038C
:109E2000022B12D1FB681B6B1A88FB681B68DA6077
:109E3000FB681B6B9A1CFB681A63FB68DB8E9BB28A
:109E4000013B9AB2FB68DA8618E0FAF7ADFB0246EE
:109E5000FB69D31A3A689A4203D83B68B3F1FF3FD3
:109E600002D13B68002B09D1FB68012283F8512005
:109E7000FB68002283F85020032382E0FB68DB8E1E
:109E80009BB2002BC7D153E0FB685B68002B02D06C
:109E90007B8B012B47D1FB681A6BFB681B680C336B
:109EA00012781A70FB681B6B5A1CFB681A63FB68FC
:109EB000DB8E9BB2013B9AB2FB68DA8633E0FB682B
:109EC0001B689B6803F00203022B13D1FB681A6B1B
:109ED000FB681B680C3312781A70FB681B6B5A1CEA
:109EE000FB681A63FB68DB8E9BB2013B9AB2FB688E
:109EF000DA8618E0FAF758FB0246FB69D31A3A688B
:109F00009A4203D83B68B3F1FF3F02D13B68002B74
:109F100009D1FB68012283F85120FB68002283F8F5
:109F2000502003232DE0FB68DB8E9BB2002BC6D1B3
:109F3000FA693968F86800F0D9FB0346002B02D0B3
:109F4000FB6820225A65FB689B68002B0AD100231E
:109F50007B61FB681B68DB687B61FB681B689B6837
:109F60007B617B69FB68012283F85120FB6800223A
:109F700083F85020FB685B6D002B01D0012300E0CB
:109F8000002318462037BD4680BD80B588B002AF9B
:109F9000F860B9603B601346FB80FB6893F8513072
:109FA000DBB2012B01D0022304E1BB68002B02D0FD
:109FB000FB88002B01D10123FCE0FB685B68B3F553
:109FC000827F12D1FB689B68002B0ED1FB680422B4
:109FD00083F85120FA883B6800931346BA68B96841
:109FE000F86800F0EBF80346E4E0FAF7DDFA786190
:109FF000FB6893F85030012B01D10223DAE0FB68B3
:10A00000012283F85020FB68042283F85120FB686A
:10A0100000225A65FB68BA689A63FB68FA889A87D7
:10A02000FB68FA88DA87FB6800221A63FB68002263
:10A030009A86FB680022DA86FB6800221A64FB68B5
:10A0400000225A64FB689B68B3F5004F0FD1FB6890
:10A050001B681A68FB681B6822F040021A60FB68E4
:10A060001B681A68FB681B6822F480421A60FB6850
:10A070001B681B6803F04003402B07D0FB681B687C
:10A080001A68FB681B6842F040021A60FB68DB68D4
:10A09000002B70D135E0FB681B689B6803F001035F
:10A0A000012B15D1FB681B6803F10C02FB689B6B4D
:10A0B0001278D2B21A70FB689B6B5A1CFB689A63C9
:10A0C000FB68DB8F9BB2013B9AB2FB68DA8718E032
:10A0D000FAF76AFA02467B69D31A3A689A4203D8B9
:10A0E0003B68B3F1FF3F02D13B68002B09D1FB680D
:10A0F000012283F85120FB68002283F850200323BB
:10A1000058E0FB68DB8F9BB2002BC4D138E0FB68C2
:10A110001B689B6803F00103012B13D1FB681B68CC
:10A12000DA68FB689B6B92B21A80FB689B6B9A1C87
:10A13000FB689A63FB68DB8F9BB2013B9AB2FB68BA
:10A14000DA8718E0FAF730FA02467B69D31A3A68E0
:10A150009A4203D83B68B3F1FF3F02D13B68002B22
:10A1600009D1FB68012283F85120FB68002283F8A3
:10A17000502003231EE0FB68DB8F9BB2002BC6D16F
:10A180007A693968F86800F04BFA0346002B02D070
:10A19000FB6820225A65FB68012283F85120FB6886
:10A1A000002283F85020FB685B6D002B01D0012357
:10A1B00000E0002318461837BD4680BD80B58AB040
:10A1C00000AFF860B9607A607B8001237B62FAF7A8
:10A1D000EBF93862FB6893F85130FB77FB685B68FA
:10A1E000BB617B88FB82FB7F012B0CD0BB69B3F585
:10A1F000827F06D1FB689B68002B02D1FB7F042B7A
:10A2000001D002237FE1BB68002B05D07B68002BC7
:10A2100002D07B88002B01D1012374E1FB6893F805
:10A220005030012B01D102236DE1FB68012283F83C
:10A230005020FB6893F85130DBB2042B03D0FB684D
:10A24000052283F85120FB6800225A65FB687A6872
:10A250009A63FB687A88DA87FB687A889A87FB6852
:10A26000BA681A63FB687A88DA86FB687A889A8605
:10A27000FB6800221A64FB6800225A64FB681B68B2
:10A280001B6803F04003402B07D0FB681B681A686B
:10A29000FB681B6842F040021A60FB68DB68B3F59C
:10A2A000006F7ED1FB685B68002B02D0FB8A012B1C
:10A2B0006CD1FB681B6B1A88FB681B68DA60FB6853
:10A2C0001B6B9A1CFB681A63FB68DB8E9BB2013B1D
:10A2D0009AB2FB68DA8659E0FB681B689B6803F05A
:10A2E0000203022B1BD1FB68DB8E9BB2002B16D026
:10A2F0007B6A012B13D1FB681B6B1A88FB681B68F8
:10A30000DA60FB681B6B9A1CFB681A63FB68DB8EC8
:10A310009BB2013B9AB2FB68DA8600237B62FB6842
:10A320001B689B6803F00103012B19D1FB68DB8FCD
:10A330009BB2002B14D0FB681B68DA68FB689B6B30
:10A3400092B21A80FB689B6B9A1CFB689A63FB684D
:10A35000DB8F9BB2013B9AB2FB68DA8701237B62F9
:10A36000FAF722F902463B6AD31A3A6B9A420DD8A1
:10A370003B6BB3F1FF3F09D0FB68012283F851200A
:10A38000FB68002283F850200323BCE0FB68DB8ECF
:10A390009BB2002BA0D1FB68DB8F9BB2002B9BD123
:10A3A00082E0FB685B68002B02D0FB8A012B71D135
:10A3B000FB681A6BFB681B680C3312781A70FB6819
:10A3C0001B6B5A1CFB681A63FB68DB8E9BB2013B5C
:10A3D0009AB2FB68DA865DE0FB681B689B6803F055
:10A3E0000203022B1CD1FB68DB8E9BB2002B17D023
:10A3F0007B6A012B14D1FB681A6BFB681B680C335A
:10A4000012781A70FB681B6B5A1CFB681A63FB6896
:10A41000DB8E9BB2013B9AB2FB68DA8600237B623B
:10A42000FB681B689B6803F00103012B19D1FB68D3
:10A43000DB8F9BB2002B14D0FB681B68DA68FB68CB
:10A440009B6BD2B21A70FB689B6B5A1CFB689A63B9
:10A45000FB68DB8F9BB2013B9AB2FB68DA87012372
:10A460007B62FAF7A1F802463B6AD31A3A6B9A422A
:10A4700003D83B6BB3F1FF3F02D13B6B002B09D1FB
:10A48000FB68012283F85120FB68002283F85020EA
:10A49000032338E0FB68DB8E9BB2002B9CD1FB686A
:10A4A000DB8F9BB2002B97D13A6A396BF86800F0CA
:10A4B0001DF90346002B08D0FB6820225A65FB6873
:10A4C000002283F8502001231DE0FB689B68002BCD
:10A4D0000AD100233B61FB681B68DB683B61FB68BA
:10A4E0001B689B683B613B69FB68012283F8512034
:10A4F000FB68002283F85020FB685B6D002B01D0C5
:10A50000012300E0002318462837BD4680BD000027
:10A5100080B588B000AFF860B9603B601346FB714E
:10A52000FAF742F80246BB6A9B1A3A681344FB6189
:10A53000FAF73AF8B861394B1B685B011B0DFA69F1
:10A5400002FB03F37B6155E03B68B3F1FF3F51D061
:10A55000FAF72AF80246BB69D31AFA699A4202D975
:10A56000FB69002B3DD1FB681B685A68FB681B68C0
:10A5700022F0E0025A60FB685B68B3F5827F11D17C
:10A58000FB689B68B3F5004F04D0FB689B68B3F58C
:10A59000806F07D1FB681B681A68FB681B6822F094
:10A5A00040021A60FB689B6AB3F5005F0FD1FB683D
:10A5B0001B681A68FB681B6822F400521A60FB686B
:10A5C0001B681A68FB681B6842F400521A60FB683B
:10A5D000012283F85120FB68002283F850200323D6
:10A5E00018E07B69002B02D10023FB6102E07B694C
:10A5F000013B7B61FB681B689A68BB681340BA68C3
:10A600009A420CBF01230023DBB21A46FB799A421F
:10A610009AD1002318462037BD4680BD380000205F
:10A6200080B586B002AFF860B9607A60FB685B689D
:10A63000B3F5827F11D1FB689B68B3F5004F04D05E
:10A64000FB689B68B3F5806F07D1FB681B681A68CD
:10A65000FB681B6822F040021A60FB685B68B3F578
:10A66000827F2AD1FB689B68B3F5806F12D07B682C
:10A670000093BB6800228021F868FFF749FF03467A
:10A68000002B2DD0FB685B6D43F02002FB685A6500
:10A69000032326E07B680093BB6800220121F86851
:10A6A000FFF736FF0346002B1AD0FB685B6D43F0C3
:10A6B0002002FB685A65032313E07B680093BB68A4
:10A6C00000220121F868FFF723FF0346002B07D083
:10A6D000FB685B6D43F02002FB685A65032300E0D2
:10A6E000002318461037BD4680BD000080B588B0F5
:10A6F00002AFF860B9607A607B680093BB680122A2
:10A700000221F868FFF704FF0346002B07D0FB681F
:10A710005B6D43F02002FB685A65032332E01B4B5C
:10A720001B681B4AA2FB03235B0D4FF47A7202FBEA
:10A7300003F37B61FB685B68B3F5827F12D17B68B2
:10A740000093BB6800228021F868FFF7E1FE034612
:10A75000002B16D0FB685B6D43F02002FB685A6546
:10A7600003230FE07B69002B0AD07B69013B7B61EF
:10A77000FB681B689B6803F08003802BF2D000E02D
:10A7800000BF002318461837BD4680BD38000020A2
:10A79000819F5E1680B582B000AF78607B68002B29
:10A7A00001D1012341E07B6893F83D30DBB2002BFF
:10A7B00006D17B68002283F83C207868F9F7EAFA32
:10A7C0007B68022283F83D207B681A687B6804332B
:10A7D0001946104600F042FB7B68012283F84620B0
:10A7E0007B68012283F83E207B68012283F83F20AA
:10A7F0007B68012283F840207B68012283F8412096
:10A800007B68012283F842207B68012283F8432081
:10A810007B68012283F844207B68012283F845206D
:10A820007B68012283F83D20002318460837BD4687
:10A8300080BD000080B485B000AF78607B6893F87D
:10A840003D30DBB2012B01D0012346E07B680222C0
:10A8500083F83D207B681B68234A934222D07B68A3
:10A860001B68B3F1804F1DD07B681B681F4A934261
:10A8700018D07B681B681E4A934213D07B681B6804
:10A880001C4A93420ED07B681B681B4A934209D036
:10A890007B681B68194A934204D07B681B68184A7E
:10A8A000934211D17B681B689B6803F00703FB6030
:10A8B000FB68062B10D07B681B681A687B681B68D6
:10A8C00042F001021A6007E07B681B681A687B6827
:10A8D0001B6842F001021A60002318461437BD4677
:10A8E0005DF8047B704700BF000001400004004099
:10A8F00000080040000C00400004014000400140FE
:10A900000018004080B582B000AF78607B68002BF3
:10A9100001D1012341E07B6893F83D30DBB2002B8D
:10A9200006D17B68002283F83C20786800F039F873
:10A930007B68022283F83D207B681A687B680433B9
:10A940001946104600F08AFA7B68012283F84620F7
:10A950007B68012283F83E207B68012283F83F2038
:10A960007B68012283F840207B68012283F8412024
:10A970007B68012283F842207B68012283F8432010
:10A980007B68012283F844207B68012283F84520FC
:10A990007B68012283F83D20002318460837BD4616
:10A9A00080BD80B483B000AF786000BF0C37BD4677
:10A9B0005DF8047B7047000080B584B000AF78601C
:10A9C00039603B68002B09D17B6893F83E30DBB2DD
:10A9D000012B14BF01230023DBB222E03B68042BD0
:10A9E00009D17B6893F83F30DBB2012B14BF012300
:10A9F0000023DBB215E03B68082B09D17B6893F894
:10AA00004030DBB2012B14BF01230023DBB208E08E
:10AA10007B6893F84130DBB2012B14BF0123002384
:10AA2000DBB2002B01D001237CE03B68002B04D17A
:10AA30007B68022283F83E2013E03B68042B04D19C
:10AA40007B68022283F83F200BE03B68082B04D18F
:10AA50007B68022283F8402003E07B68022283F8AF
:10AA600041207B681B6801223968184600F0E6FC2B
:10AA70007B681B682D4A934204D07B681B682C4A74
:10AA8000934201D1012300E00023002B07D07B6813
:10AA90001B685A6C7B681B6842F400425A647B68EE
:10AAA0001B68224A934222D07B681B68B3F1804F17
:10AAB0001DD07B681B681F4A934218D07B681B68B7
:10AAC0001D4A934213D07B681B681C4A93420ED0E8
:10AAD0007B681B68164A934209D07B681B68184A3A
:10AAE000934204D07B681B68164A934211D17B685D
:10AAF0001B689B6803F00703FB60FB68062B10D004
:10AB00007B681B681A687B681B6842F001021A6048
:10AB100007E07B681B681A687B681B6842F00102CB
:10AB20001A60002318461037BD4680BD0000014062
:10AB3000000401400004004000080040000C0040F8
:10AB4000004001400018004080B586B000AFF860BA
:10AB5000B9607A600023FB75FB6893F83C30012BE9
:10AB600001D10223AEE0FB68012283F83C207B6820
:10AB70000C2B00F29F8001A252F823F0B1AB000829
:10AB8000B5AC0008B5AC0008B5AC0008F1AB0008E6
:10AB9000B5AC0008B5AC0008B5AC000833AC000893
:10ABA000B5AC0008B5AC0008B5AC000873AC000843
:10ABB000FB681B68B968184600F0F6F9FB681B686B
:10ABC0009A69FB681B6842F008029A61FB681B687F
:10ABD0009A69FB681B6822F004029A61FB681B6893
:10ABE0009969BB681A69FB681B680A439A6164E04B
:10ABF000FB681B68B968184600F046FAFB681B68DA
:10AC00009A69FB681B6842F400629A61FB681B68E2
:10AC10009A69FB681B6822F480629A61FB681B6872
:10AC20009969BB681B691A02FB681B680A439A6131
:10AC300043E0FB681B68B968184600F09BFAFB68A4
:10AC40001B68DA69FB681B6842F00802DA61FB687E
:10AC50001B68DA69FB681B6822F00402DA61FB6892
:10AC60001B68D969BB681A69FB681B680A43DA610B
:10AC700023E0FB681B68B968184600F0EFFAFB6830
:10AC80001B68DA69FB681B6842F40062DA61FB68E2
:10AC90001B68DA69FB681B6822F48062DA61FB6872
:10ACA0001B68D969BB681B691A02FB681B680A43E9
:10ACB000DA6102E00123FB7500BFFB68002283F824
:10ACC0003C20FB7D18461837BD4680BD80B584B05A
:10ACD00000AF786039600023FB737B6893F83C30E9
:10ACE000012B01D10223B4E07B68012283F83C20D0
:10ACF0007B68022283F83D207B681B689B68BB60F1
:10AD0000BB6823F07703BB60BB6823F47F43BB6061
:10AD10007B681B68BA689A603B681B68B3F5005F84
:10AD20003ED0B3F5005F00F28780B3F5805F00F09E
:10AD30008680B3F5805F7FD8702B1AD0702B7BD8BC
:10AD4000602B50D0602B77D8502B3CD0502B73D831
:10AD5000402B58D0402B6FD8302B64D0302B6BD881
:10AD6000202B60D0202B67D8002B5CD0102B5AD022
:10AD700062E07B6818683B6899683B685A683B6882
:10AD8000DB6800F03BFB7B681B689B68BB60BB68B3
:10AD900043F07703BB607B681B68BA689A604FE03A
:10ADA0007B6818683B6899683B685A683B68DB6851
:10ADB00000F024FB7B681B689A687B681B6842F480
:10ADC00080429A603CE07B6818683B6859683B6841
:10ADD000DB681A4600F098FA7B681B685021184619
:10ADE00000F0F1FA2CE07B6818683B6859683B6812
:10ADF000DB681A4600F0B7FA7B681B6860211846CA
:10AE000000F0E1FA1CE07B6818683B6859683B6811
:10AE1000DB681A4600F078FA7B681B684021184608
:10AE200000F0D1FA0CE07B681A683B681B68194691
:10AE3000104600F0C8FA03E00123FB7300E000BFF6
:10AE40007B68012283F83D207B68002283F83C2048
:10AE5000FB7B18461037BD4680BD000080B485B02E
:10AE600000AF786039607B681B68FB607B68434A91
:10AE7000934213D07B68B3F1804F0FD07B68404A78
:10AE800093420BD07B683F4A934207D07B683E4A8F
:10AE9000934203D07B683D4A934208D1FB6823F07C
:10AEA0007003FB603B685B68FA681343FB607B6878
:10AEB000324A93422BD07B68B3F1804F27D07B6816
:10AEC0002F4A934223D07B682E4A93421FD07B683F
:10AED0002D4A93421BD07B682C4A934217D07B6843
:10AEE0002B4A934213D07B682A4A93420FD07B6847
:10AEF000294A93420BD07B68284A934207D07B684B
:10AF0000274A934203D07B68264A934208D1FB68C4
:10AF100023F44073FB603B68DB68FA681343FB6013
:10AF2000FB6823F080023B685B691343FB603B686E
:10AF30009A687B68DA623B681A687B689A627B6809
:10AF40000E4A934203D07B68104A934203D13B6878
:10AF50001A697B681A637B681B6843F004027B688C
:10AF60001A607B6801225A617B68FA681A6000BF28
:10AF70001437BD465DF8047B704700BF00000140F8
:10AF80000004004000080040000C004000040140A4
:10AF900000400140004401400048014000180040CA
:10AFA000001C00400020004080B487B000AF7860F3
:10AFB00039607B681B6A7B617B681B6A23F0010236
:10AFC0007B681A627B685B683B617B689B69FB609E
:10AFD000FB6823F07003FB60FB6823F00303FB6056
:10AFE0003B681B68FA681343FB607B6923F002032C
:10AFF0007B613B689B687A6913437B617B68204A6D
:10B00000934203D07B681F4A93420CD17B6923F0A3
:10B0100008037B613B68DB687A6913437B617B696A
:10B0200023F004037B617B68154A934203D07B685D
:10B03000144A934211D13B6923F480733B613B690D
:10B0400023F400733B613B685B693A6913433B61DE
:10B050003B689B693A6913433B617B683A695A6074
:10B060007B68FA689A613B685A687B685A637B68B8
:10B070007A691A6200BF1C37BD465DF8047B7047D1
:10B08000000001400004014080B487B000AF786048
:10B0900039607B681B6A7B617B681B6A23F0100246
:10B0A0007B681A627B685B683B617B689B69FB60BD
:10B0B000FB6823F4E043FB60FB6823F44073FB6010
:10B0C0003B681B681B02FA681343FB607B6923F033
:10B0D00020037B613B689B681B017A6913437B619A
:10B0E0007B68224A934203D07B68214A93420DD168
:10B0F0007B6923F080037B613B68DB681B017A6915
:10B1000013437B617B6923F040037B617B68174AB3
:10B11000934203D07B68164A934213D13B6923F4D0
:10B1200080633B613B6923F400633B613B685B697F
:10B130009B003A6913433B613B689B699B003A69FA
:10B1400013433B617B683A695A607B68FA689A618D
:10B150003B685A687B689A637B687A691A6200BFA9
:10B160001C37BD465DF8047B704700BF00000140FE
:10B170000004014080B487B000AF786039607B681C
:10B180001B6A7B617B681B6A23F480727B681A628E
:10B190007B685B683B617B68DB69FB60FB6823F075
:10B1A0007003FB60FB6823F00303FB603B681B68D4
:10B1B000FA681343FB607B6923F400737B613B688F
:10B1C0009B681B027A6913437B617B68214A934227
:10B1D00003D07B68204A93420DD17B6923F400633E
:10B1E0007B613B68DB681B027A6913437B617B6987
:10B1F00023F480637B617B68164A934203D07B68AB
:10B20000154A934213D13B6923F480533B613B6958
:10B2100023F400533B613B685B691B013A691343AC
:10B220003B613B689B691B013A6913433B617B6847
:10B230003A695A607B68FA68DA613B685A687B68E9
:10B24000DA637B687A691A6200BF1C37BD465DF815
:10B25000047B7047000001400004014080B487B0C7
:10B2600000AF786039607B681B6A3B617B681B6A52
:10B2700023F480527B681A627B685B687B617B6821
:10B28000DB69FB60FB6823F4E043FB60FB6823F4AD
:10B290004073FB603B681B681B02FA681343FB604A
:10B2A0003B6923F400533B613B689B681B033A698D
:10B2B00013433B617B68124A934203D07B68114A77
:10B2C000934209D17B6923F480437B613B685B69CE
:10B2D0009B017A6913437B617B687A695A607B685A
:10B2E000FA68DA613B685A687B681A647B683A6975
:10B2F0001A6200BF1C37BD465DF8047B704700BF73
:10B30000000001400004014080B487B000AFF86045
:10B31000B9607A60FB681B6A7B61FB681B6A23F07B
:10B320000102FB681A62FB689B693B613B6923F081
:10B33000F0033B617B681B013A6913433B617B6906
:10B3400023F00A037B617A69BB6813437B61FB6866
:10B350003A699A61FB687A691A6200BF1C37BD4678
:10B360005DF8047B704780B487B000AFF860B960C7
:10B370007A60FB681B6A7B61FB681B6A23F0100222
:10B38000FB681A62FB689B693B613B6923F470436D
:10B390003B617B681B033A6913433B617B6923F084
:10B3A000A0037B61BB681B017A6913437B61FB6867
:10B3B0003A699A61FB687A691A6200BF1C37BD4618
:10B3C0005DF8047B704780B485B000AF7860396069
:10B3D0007B689B68FB60FB6823F07003FB603A6846
:10B3E000FB68134343F00703FB607B68FA689A60CD
:10B3F00000BF1437BD465DF8047B704780B487B04A
:10B4000000AFF860B9607A603B60FB689B687B6165
:10B410007B6923F47F437B613B681A027B681A4394
:10B42000BB6813437A6913437B61FB687A699A604E
:10B4300000BF1C37BD465DF8047B704780B487B001
:10B4400000AFF860B9607A60BB6803F01F030122A7
:10B4500002FA03F37B61FB681A6A7B69DB431A40DB
:10B46000FB681A62FB681A6ABB6803F01F037968FD
:10B4700001FA03F31A43FB681A6200BF1C37BD468A
:10B480005DF8047B7047000080B485B000AF786041
:10B4900039607B6893F83C30012B01D102235AE0DC
:10B4A0007B68012283F83C207B68022283F83D20E0
:10B4B0007B681B685B68FB607B681B689B68BB6084
:10B4C000FB6823F07003FB603B681B68FA6813435A
:10B4D000FB607B681B68FA685A607B681B68214ABE
:10B4E000934222D07B681B68B3F1804F1DD07B68EC
:10B4F0001B681D4A934218D07B681B681B4A934205
:10B5000013D07B681B681A4A93420ED07B681B6875
:10B51000184A934209D07B681B68174A934204D0AB
:10B520007B681B68154A93420CD1BB6823F08003EB
:10B53000BB603B685B68BA681343BB607B681B6891
:10B54000BA689A607B68012283F83D207B680022FC
:10B5500083F83C20002318461437BD465DF8047B71
:10B56000704700BF00000140000400400008004098
:10B57000000C004000040140004001400018004061
:10B5800080B582B000AF78607B68002B01D10123C9
:10B5900042E07B6893F84130DBB2002B06D17B6838
:10B5A000002283F840207868F8F730FD7B68242279
:10B5B00083F841207B681B68DA687B681B6822F48B
:10B5C0000052DA60786800F0CDFF7B681B681A696A
:10B5D0007B681B6822F490421A617B681B685A6979
:10B5E0007B681B6822F02A025A617B681B68DA6854
:10B5F0007B681B6842F40052DA607B6800225A6460
:10B600007B68202283F841207B68202283F8422037
:10B610007B6800225A63002318460837BD4680BD68
:10B6200080B584B000AFF860B9601346FB80FB685A
:10B6300093F84230DBB2202B12D1BB68002B02D032
:10B64000FB88002B01D101230BE0FB6800221A6369
:10B65000FB881A46B968F86800F0E1FC034600E090
:10B66000022318461037BD4680BD000080B58CB05F
:10B6700000AFF860B9601346FB80FB6893F8413077
:10B68000DBB2202B62D1BB68002B02D0FB88002BE1
:10B6900001D101235BE0BA68FB681A62FB68FA8893
:10B6A0009A84FB68FA88DA84FB6800225A64FB6893
:10B6B000212283F84120FB689B6B274ADA63FB68F1
:10B6C0009B6B264A1A64FB689B6B254ADA64FB680D
:10B6D0009B6B00221A6507F10803FB62FB68986BFD
:10B6E000FB6A1968FB681B6804331A46FB88F9F784
:10B6F0004BF90346002B08D0FB6810225A64FB6804
:10B70000202283F84120012321E0FB681B686FF0B1
:10B7100040021A60FB681B681433BB61BB6953E8C5
:10B72000003F7B617B6943F08003BB62FB681B6861
:10B730001433BA6A7A623B62396A7A6A41E8002352
:10B74000FB61FB69002BE5D1002300E002231846D2
:10B750003037BD4680BD00BF6DBD000807BE000884
:10B760008BBF000880B584B000AFF860B9601346A5
:10B77000FB80FB6893F84230DBB2202B12D1BB6810
:10B78000002B02D0FB88002B01D101230BE0FB68CA
:10B7900000221A63FB881A46B968F86800F07AFC40
:10B7A000034600E0022318461037BD4680BD000066
:10B7B00080B5BAB000AF78607B681B681B68C7F8BB
:10B7C000E4307B681B68DB68C7F8E0307B681B6887
:10B7D0005B69C7F8DC300023C7F8D8300023C7F80E
:10B7E000D430D7F8E43003F00F03C7F8D830D7F8D7
:10B7F000D830002B0FD1D7F8E43003F02003002B12
:10B8000009D0D7F8E03003F02003002B03D078688C
:10B8100000F0EAFD73E2D7F8D830002B00F0DE80AC
:10B82000D7F8DC3003F00103002B06D1D7F8E03065
:10B8300003F49073002B00F0D180D7F8E43003F0CC
:10B840000103002B0BD0D7F8E03003F48073002BFA
:10B8500005D07B685B6C43F001027B685A64D7F8C3
:10B86000E43003F00403002B0BD0D7F8DC3003F0F6
:10B870000103002B05D07B685B6C43F002027B6800
:10B880005A64D7F8E43003F00203002B0BD0D7F84A
:10B89000DC3003F00103002B05D07B685B6C43F0C8
:10B8A00004027B685A64D7F8E43003F00803002BE5
:10B8B00011D0D7F8E03003F02003002B05D1D7F8E2
:10B8C000DC3003F00103002B05D07B685B6C43F098
:10B8D00008027B685A647B685B6C002B00F00A826C
:10B8E000D7F8E43003F02003002B08D0D7F8E0307D
:10B8F00003F02003002B02D0786800F075FD7B6810
:10B900001B685B6903F04003402B0CBF012300233D
:10B91000DBB2C7F8D4307B685B6C03F00803002B04
:10B9200003D1D7F8D430002B4FD0786800F080FCDA
:10B930007B681B685B6903F04003402B41D17B6847
:10B940001B681433C7F89C30D7F89C3053E8003F8D
:10B95000C7F89830D7F8983023F04003C7F8D030B4
:10B960007B681B681433D7F8D020C7F8A820C7F825
:10B97000A430D7F8A410D7F8A82041E80023C7F8CE
:10B98000A030D7F8A030002BD9D17B68DB6B002B1F
:10B9900013D07B68DB6B8A4A1A657B68DB6B1846C1
:10B9A000F9F7BAF80346002B16D07B68DB6B1B6DEA
:10B9B0007A68D26B104698470EE0786800F0C0F9BC
:10B9C0000AE0786800F0BCF906E0786800F0B8F9A1
:10B9D0007B6800225A648DE100BF8BE17B681B6BA2
:10B9E000012B40F06781D7F8E43003F01003002BFF
:10B9F00000F06081D7F8E03003F01003002B00F076
:10BA000059810023BB607B681B681B68BB607B6837
:10BA10001B685B68BB60BB687B681B685B6903F085
:10BA20004003402B40F0CE807B68DB6B1B685B687B
:10BA3000A7F8BE30B7F8BE30002B00F0A9807B68B5
:10BA40009B8DB7F8BE209A4280F0A2807B68B7F841
:10BA5000BE20DA857B68DB6BDB69B3F5807F00F0A5
:10BA600088807B681B680C33C7F88830D7F888302B
:10BA700053E8003FC7F88430D7F8843023F480734C
:10BA8000C7F8B8307B681B680C33D7F8B820C7F804
:10BA90009420C7F89030D7F89010D7F8942041E858
:10BAA0000023C7F88C30D7F88C30002BD9D17B68B5
:10BAB0001B6814337B677B6F53E8003F3B673B6F2A
:10BAC00023F00103C7F8B4307B681B681433D7F840
:10BAD000B420C7F88020FB67F96FD7F8802041E8D1
:10BAE0000023BB67BB6F002BE1D17B681B6814335D
:10BAF0003B663B6E53E8003FFB65FB6D23F0400364
:10BB0000C7F8B0307B681B681433D7F8B020FA66EA
:10BB1000BB66B96EFA6E41E800237B667B6E002B34
:10BB2000E3D17B68202283F842207B6800221A63DD
:10BB30007B681B680C33FB64FB6C53E8003FBB6401
:10BB4000BB6C23F01003C7F8AC307B681B680C3368
:10BB5000D7F8AC20BA657B65796DBA6D41E80023F2
:10BB60003B653B6D002BE3D17B68DB6B1846F8F738
:10BB700063FF7B6802225A637B689A8D7B68DB8D4A
:10BB80009BB2D31A9BB21946786800F0E3F8B3E091
:10BB90007B689B8DB7F8BE209A4240F0AD807B68F1
:10BBA000DB6BDB69B3F5807F40F0A6807B68022207
:10BBB0005A637B689B8D1946786800F0CBF89BE050
:10BBC000F7C200087B689A8D7B68DB8D9BB2D31A25
:10BBD000A7F8CE307B68DB8D9BB2002B00F08E8007
:10BBE000B7F8CE30002B00F089807B681B680C33DF
:10BBF000BB63BB6B53E8003F7B637B6B23F49073A9
:10BC0000C7F8C8307B681B680C33D7F8C8207A6443
:10BC10003B64396C7A6C41E80023FB63FB6B002BBF
:10BC2000E3D17B681B6814337B627B6A53E8003F77
:10BC30003B623B6A23F00103C7F8C4307B681B6892
:10BC40001433D7F8C4203A63FB62F96A3A6B41E8CF
:10BC50000023BB62BB6A002BE3D17B68202283F800
:10BC600042207B6800221A637B681B680C333B61AF
:10BC70003B6953E8003FFB60FB6823F01003C7F803
:10BC8000C0307B681B680C33D7F8C020FA61BB61F9
:10BC9000B969FA6941E800237B617B69002BE3D134
:10BCA0007B6802225A63B7F8CE301946786800F0F4
:10BCB00051F823E0D7F8E43003F08003002B09D0DB
:10BCC000D7F8E03003F08003002B03D0786800F051
:10BCD00023FB14E0D7F8E43003F04003002B0ED030
:10BCE000D7F8E03003F04003002B08D0786800F06C
:10BCF00063FB04E000BF02E000BF00E000BFE837E4
:10BD0000BD4680BD80B483B000AF786000BF0C3703
:10BD1000BD465DF8047B704780B483B000AF7860A7
:10BD200000BF0C37BD465DF8047B704780B483B01C
:10BD300000AF786000BF0C37BD465DF8047B7047EC
:10BD400080B483B000AF786000BF0C37BD465DF8AB
:10BD5000047B704780B483B000AF78600B467B8073
:10BD600000BF0C37BD465DF8047B704780B590B0CE
:10BD700000AF78607B689B6BFB637B681B681B680C
:10BD800003F48073002B37D1FB6B0022DA84FB6B4A
:10BD90001B6814337B627B6A53E8003F3B623B6A5B
:10BDA00023F08003BB63FB6B1B681433BA6B3A63ED
:10BDB000FB62F96A3A6B41E80023BB62BB6A002B65
:10BDC000E5D1FB6B1B680C333B613B6953E8003FDB
:10BDD000FB60FB6843F040037B63FB6B1B680C3329
:10BDE0007A6BFA61BB61B969FA6941E800237B614A
:10BDF0007B69002BE5D102E0F86BFFF783FF00BF02
:10BE00004037BD4680BD80B584B000AF78607B68A8
:10BE10009B6BFB60F868FFF77FFF00BF1037BD46E4
:10BE200080BD80B59CB000AF78607B689B6BFB6683
:10BE30007B681B681B6803F48073002B72D1FB6E58
:10BE40000022DA85FB6E1B680C33FB64FB6C53E845
:10BE5000003FBB64BB6C23F48073BB66FB6E1B6846
:10BE60000C33BA6EBA657B65796DBA6D41E8002313
:10BE70003B653B6D002BE5D1FB6E1B681433BB6348
:10BE8000BB6B53E8003F7B637B6B23F001037B6656
:10BE9000FB6E1B6814337A6E7A643B64396C7A6C7F
:10BEA00041E80023FB63FB6B002BE5D1FB6E1B68B5
:10BEB00014337B627B6A53E8003F3B623B6A23F0AA
:10BEC00040033B66FB6E1B6814333A6E3A63FB62B9
:10BED000F96A3A6B41E80023BB62BB6A002BE5D1EB
:10BEE000FB6E202283F84220FB6E1B6B012B19D1C5
:10BEF000FB6E1B680C333B613B6953E8003FFB6002
:10BF0000FB6823F01003FB65FB6E1B680C33FA6DB6
:10BF1000FA61BB61B969FA6941E800237B617B6919
:10BF2000002BE5D1FB6E00225A63FB6E1B6B012BCD
:10BF300006D1FB6E9B8D1946F86EFFF70BFF02E0F2
:10BF4000F86EF6F787F800BF7037BD4680BD80B544
:10BF500084B000AF78607B689B6BFB60FB6801225C
:10BF60005A63FB681B6B012B08D1FB689B8D5B0838
:10BF70009BB21946F868FFF7EDFE02E0F868FFF79C
:10BF8000D5FE00BF1037BD4680BD80B584B000AF80
:10BF900078600023FB607B689B6BBB60BB681B68A1
:10BFA0005B6903F08003802B0CBF01230023DBB20D
:10BFB000FB60BB6893F84130DBB2212B08D1FB68F2
:10BFC000002B05D0BB680022DA84B86800F008F9BD
:10BFD000BB681B685B6903F04003402B0CBF012367
:10BFE0000023DBB2FB60BB6893F84230DBB2222B4C
:10BFF00008D1FB68002B05D0BB680022DA85B86841
:10C0000000F016F9BB685B6C43F01002BB685A6421
:10C01000B868FFF795FE00BF1037BD4680BD80B4FD
:10C0200085B000AFF860B9601346FB80FB68BA6862
:10C030009A62FB68FA889A85FB68FA88DA85FB6859
:10C0400000225A64FB68222283F84220FB681B69A5
:10C05000002B07D0FB681B68DA68FB681B6842F49A
:10C060008072DA60FB681B685A69FB681B6842F0E3
:10C0700001025A61FB681B68DA68FB681B6842F0C2
:10C080002002DA60002318461437BD465DF8047BB1
:10C090007047000080B598B000AFF860B9601346F3
:10C0A000FB80BA68FB689A62FB68FA889A85FB682D
:10C0B00000225A64FB68222283F84220FB68DB6B73
:10C0C000444ADA63FB68DB6B434A1A64FB68DB6B48
:10C0D000424ADA64FB68DB6B00221A6507F1080349
:10C0E000FB65FB68D86BFB681B6804331946FB6D66
:10C0F0001A68FB88F8F748FC0346002B08D0FB6859
:10C1000010225A64FB68202283F8422001235DE05C
:10C1100000233B61FB681B681B683B61FB681B6875
:10C120005B683B613B69FB681B69002B19D0FB68AE
:10C130001B680C333B643B6C53E8003FFB63FB6BB9
:10C1400043F48073BB65FB681B680C33BA6DFA64FB
:10C15000BB64B96CFA6C41E800237B647B6C002BF8
:10C16000E5D1FB681B681433FB62FB6A53E8003FB0
:10C17000BB62BB6A43F001037B65FB681B68143339
:10C180007A6DBA637B63796BBA6B41E800233B63DA
:10C190003B6B002BE5D1FB681B681433BB61BB69AB
:10C1A00053E8003F7B617B6943F040033B65FB68DC
:10C1B0001B6814333A6D7A623B62396A7A6A41E8E5
:10C1C0000023FB61FB69002BE5D100231846603793
:10C1D000BD4680BD23BE00084FBF00088BBF0008CE
:10C1E00080B489B000AF78607B681B680C33FB605B
:10C1F000FB6853E8003FBB60BB6823F0C003FB61F2
:10C200007B681B680C33FA69BA617B617969BA692A
:10C2100041E800233B613B69002BE5D17B6820228C
:10C2200083F8412000BF2437BD465DF8047B70478A
:10C2300080B495B000AF78607B681B680C337B637B
:10C240007B6B53E8003F3B633B6B23F49073FB64D1
:10C250007B681B680C33FA6C3A64FB63F96B3A6CCD
:10C2600041E80023BB63BB6B002BE5D17B681B68F7
:10C2700014333B623B6A53E8003FFB61FB6923F0E8
:10C280000103BB647B681B681433BA6CFA62BB623F
:10C29000B96AFA6A41E800237B627B6A002BE5D128
:10C2A0007B681B6B012B19D17B681B680C33FB600F
:10C2B000FB6853E8003FBB60BB6823F010037B645E
:10C2C0007B681B680C337A6CBA617B617969BA69E7
:10C2D00041E800233B613B69002BE5D17B682022CC
:10C2E00083F842207B6800221A6300BF5437BD46A2
:10C2F0005DF8047B704780B584B000AF78607B68E0
:10C300009B6BFB60FB680022DA85F868FFF718FD7D
:10C3100000BF1037BD4680BD80B485B000AF7860E7
:10C320007B6893F84130DBB2212B3ED17B689B6860
:10C33000B3F5805F14D17B681B69002B10D17B683B
:10C340001B6AFB60FB681B881A467B681B68C2F38C
:10C3500008025A607B681B6A9A1C7B681A6208E0B4
:10C360007B681B6A591C7A6811621A787B681B68A3
:10C370005A607B68DB8C9BB2013B9BB27A681946A2
:10C38000D184002B0FD17B681B68DA687B681B683F
:10C3900022F08002DA607B681B68DA687B681B68C1
:10C3A00042F04002DA60002300E00223184614370E
:10C3B000BD465DF8047B704780B582B000AF786001
:10C3C0007B681B68DA687B681B6822F04002DA60D1
:10C3D0007B68202283F841207868FFF793FC0023D4
:10C3E00018460837BD4680BD80B58CB000AF786078
:10C3F0000023FB620023BB627B6893F84230DBB210
:10C40000222B40F0AA807B689B68B3F5805F15D132
:10C410007B681B69002B11D17B689B6ABB627B68C0
:10C420001B685B689BB2C3F308039AB2BB6A1A80AD
:10C430007B689B6A9A1C7B689A6224E07B689B6A93
:10C44000FB627B689B68B3F5805F07D07B689B6865
:10C45000002B0AD17B681B69002B06D17B681B6807
:10C460005B68DAB2FB6A1A7008E07B681B685B687D
:10C47000DBB203F07F03DAB2FB6A1A707B689B6A57
:10C480005A1C7B689A627B68DB8D9BB2013B9BB236
:10C490007A681946D185002B5DD17B681B68DA6804
:10C4A0007B681B6822F02002DA607B681B68DA6810
:10C4B0007B681B6822F48072DA607B681B685A69AB
:10C4C0007B681B6822F001025A617B68202283F896
:10C4D00042207B6800225A637B681B6B012B35D19D
:10C4E0007B6800221A637B681B680C337B617B6965
:10C4F00053E8003F3B613B6923F010037B627B689C
:10C500001B680C337A6A3A62FB61F9693A6A41E85E
:10C510000023BB61BB69002BE5D17B681B681B68EE
:10C5200003F01003102B0AD10023FB607B681B680B
:10C530001B68FB607B681B685B68FB60FB687B6853
:10C540009B8D19467868FFF705FC02E07868F5F7DF
:10C5500081FD002302E0002300E00223184630376B
:10C56000BD4680BD2DE9B04FC0B000AFC7F8F400A4
:10C57000D7F8F4301B681B6923F44050D7F8F43027
:10C58000D968D7F8F4301A6840EA01031361D7F884
:10C59000F4309A68D7F8F4301B691A43D7F8F430AE
:10C5A0005B691A43D7F8F430DB691343C7F8F830F6
:10C5B000D7F8F4301B68DB6823F4164121F00C0136
:10C5C000D7F8F4301A68D7F8F8300B43D360D7F8AF
:10C5D000F4301B685B6923F44070D7F8F430996934
:10C5E000D7F8F4301A6840EA01035361D7F8F43001
:10C5F0001A688F4B9A4205D0D7F8F4301A688D4BE1
:10C600009A4204D1FDF7E0FAC7F8FC0003E0FDF719
:10C61000C7FAC7F8FC00D7F8F430DB69B3F5004F70
:10C6200040F00C81D7F8FC300022C7F8E830C7F89A
:10C63000EC20D7E93A4522462B469118B9655B4173
:10C64000FB65D7E91623214612EB0108294643EB87
:10C6500001094FF000024FF000034FEAC90343EA1B
:10C6600058734FEAC80290469946234618EB0303D5
:10C67000C7F8E0302B4649EB0303C7F8E430D7F89E
:10C68000F4305B680022C7F8D830C7F8DC20D7E95F
:10C6900036120B46DB183B65134642EB03037B6502
:10C6A000D7E91423D7E93801F4F7EEFA02460B462E
:10C6B000614BA3FB02235B091C01D7F8FC3000226D
:10C6C000C7F8D030C7F8D420D7E9348942464B4662
:10C6D0009118B9645B41FB64D7E91223414612EB20
:10C6E000010A494643EB010B4FF000024FF00003F3
:10C6F0004FEACB0343EA5A734FEACA0292469B467B
:10C7000043461AEB0303C7F8C8304B464BEB030311
:10C71000C7F8CC30D7F8F4305B680022C7F8C030D7
:10C72000C7F8C420D7E930120B46DB183B64134628
:10C7300042EB03037B64D7E91023D7E93201F4F716
:10C74000A3FA02460B4611463B4BA3FB01235B09B0
:10C75000642202FB03F3CB1ADB0003F13202364BF7
:10C76000A3FB02235B095B0003F4F8731C44D7F8B6
:10C77000FC300022C7F8B830C7F8BC20D7E92E89B2
:10C7800042464B469118B9635B41FB63D7E90E23E0
:10C7900041465118396349464B417B634FF00002D3
:10C7A0004FF00003D7E90CAB5946CB00514643EAA2
:10C7B00051735146CA0010461946034642469B181B
:10C7C000C7F8B0304B460A4642EB0303C7F8B43013
:10C7D000D7F8F4305B680022C7F8A830C7F8AC205F
:10C7E000D7E92A120B46DB18BB62134642EB030360
:10C7F000FB62D7E90A23D7E92C01F4F745FA024690
:10C800000B460D4BA3FB02135B09642101FB03F3F1
:10C81000D31ADB003233084AA2FB03235B0903F07F
:10C820000702D7F8F4301B6822449A6006E100BF83
:10C8300000100140001401401F85EB51D7F8FC3077
:10C840000022C7F8A030C7F8A420D7E928894246BB
:10C850004B46911839625B417B62D7E90823414618
:10C860005418494643EB01054FF000024FF0000316
:10C87000EB0043EA5473E20014461D464346E318B6
:10C88000C7F898304B4645EB0303C7F89C30D7F800
:10C89000F4305B680022C7F89030C7F894204FF05E
:10C8A00000024FF00003D7E9244529468B002146BA
:10C8B00043EA917321468A00D7E92601F4F7E4F9A7
:10C8C00002460B46604BA3FB02235B091C01D7F811
:10C8D000FC300022C7F88830C7F88C20D7E92289BD
:10C8E00042464B469118B9615B41FB61D7E906238B
:10C8F00041465118396149464B417B614FF0000276
:10C900004FF00003D7E904AB5946CB00514643EA48
:10C9100051735146CA0010461946034642469B18B9
:10C92000C7F880304B460A4642EB0303C7F8843011
:10C93000D7F8F4305B680022BB67FA674FF000025B
:10C940004FF00003D7E91E8949468B00414643EA70
:10C95000917341468A00D7E92001F4F795F9024620
:10C960000B461146384BA3FB01235B09642202FBF3
:10C9700003F3CB1A1B013233334AA2FB03235B09B7
:10C9800003F0F0031C44D7F8FC3000223B677A67C1
:10C99000D7E91C8942464B469118B9605B41FB6060
:10C9A000D7E9022341465118396049464B417B6023
:10C9B0004FF000024FF00003D7E900AB5946CB001F
:10C9C000514643EA51735146CA0010461946034680
:10C9D00042469B18BB664B460A4642EB0303FB6686
:10C9E000D7F8F4305B6800223B667A664FF00002AD
:10C9F0004FF00003D7E9188949468B00414643EAC6
:10CA0000917341468A00D7E91A01F4F73DF90246CD
:10CA10000B460D4BA3FB02135B09642101FB03F3DF
:10CA2000D31A1B013233084AA2FB03235B0903F02C
:10CA30000F02D7F8F4301B6822449A6000BF07F554
:10CA40008077BD46BDE8B08F1F85EB5184B080B5BF
:10CA500084B000AF786007F11C0080E80E0097F802
:10CA60002130012B23D17B689B6B23F480327B68C0
:10CA70009A637B68DB6823F4840323F040037A68BD
:10CA8000D3607B68DB6823F440127B68DA6097F838
:10CA90002830012B05D17B68DB6843F480127B686A
:10CAA000DA60786801F0E8FA0346FB731BE07B6804
:10CAB000DB6843F040027B68DA60786801F0DCFAFA
:10CAC0000346FB7397F82530002B06D17B689B6BE0
:10CAD00043F480327B689A6305E07B689B6B23F4A8
:10CAE00080327B689A63BB7F012B0BD17B689B688C
:10CAF00043F006027B689A607B689B6843F02002E3
:10CB00007B689A60FB7B18461037BD46BDE88040C5
:10CB100004B0704780B487B000AFF860B9601346C6
:10CB2000FB71FB79022B65D1BB68414A934206D960
:10CB3000BB68404A934202D20F237B6162E0BB682C
:10CB40003C4A934206D3BB683B4A934202D20E232F
:10CB50007B6157E0BB68384A934206D3BB68374ACB
:10CB6000934202D20D237B614CE0BB68334A93426F
:10CB700006D3BB68324A934202D80C237B6141E062
:10CB8000BB682F4A934206D9BB682E4A934202D80B
:10CB90000B237B6136E0BB682A4A934206D9BB6807
:10CBA000294A934202D80A237B612BE0BB68264ABC
:10CBB000934206D9BB68254A934202D209237B617E
:10CBC00020E0BB68214A934206D3BB68204A9342C7
:10CBD00002D808237B6115E0BB681D4A934206D941
:10CBE000BB681C4A934202D207237B610AE00623FA
:10CBF0007B6107E0FB79002B02D109237B6101E017
:10CC000009237B61FB68DB6823F47052FB68DA6000
:10CC1000FB68DA687B699B0203F470531A43FB6874
:10CC2000DA60002318461C37BD465DF8047B704768
:10CC3000BFACD800C0E1E4000024F400807306011A
:10CC40009F491A01FF2C31013FA44C0100366E01AF
:10CC50001FABA6010048E80180B483B000AF786044
:10CC60007B689B6843F001027B689A60002318464A
:10CC70000C37BD465DF8047B704780B483B000AFCD
:10CC800078607B689B6823F001027B689A600023D0
:10CC900018460C37BD465DF8047B704780B584B0FC
:10CCA00000AF78600B46FB700023FB607B68DB689D
:10CCB00023F0C0427B68DA60FB78012B15D17B68DA
:10CCC000DB6843F000527B68DA600A20F7F778FCF3
:10CCD000FB680A33FB60786801F03FF90346012BDB
:10CCE0001ED0FB68C72BF0D91AE0FB78002B15D1BA
:10CCF0007B68DB6843F080427B68DA600A20F7F7E4
:10CD00005FFCFB680A33FB60786801F026F9034694
:10CD1000002B05D0FB68C72BF0D901E0012305E00B
:10CD2000FB68C82B01D1012300E00023184610370F
:10CD3000BD4680BD84B080B586B000AF786007F195
:10CD4000240080E80E000023FB757B68FB60002355
:10CD50003B6109E07A683B6940339B001344002241
:10CD60005A603B6901333B613B690E2BF2D997F85E
:10CD70002E30002B1CD1FB6803F500635B68FA685A
:10CD800002F5006243F0020353607B689B6B43F43F
:10CD900000127B689A637B689B6B23F400227B689C
:10CDA0009A637B689B6B23F480227B689A630BE019
:10CDB0007B689B6B23F400127B689A637B689B6B98
:10CDC00043F400227B689A63FB6803F560631A46AC
:10CDD0000023136097F82930012B0DD197F82730E5
:10CDE000002B04D10021786800F068F908E00121E7
:10CDF000786800F063F903E00321786800F05EF9D9
:10CE00001021786800F0FAF80346002B01D00123C6
:10CE1000FB75786800F024F90346002B01D001234C
:10CE2000FB75FB6803F500631A4600231361FB687A
:10CE300003F500631A4600235361FB6803F50063A2
:10CE40001A460023D36100233B6143E03B695A014A
:10CE5000FB68134403F510631B6803F00043B3F150
:10CE6000004F18D13B69002B0AD13B695A01FB687E
:10CE7000134403F510631A464FF00063136013E088
:10CE80003B695A01FB68134403F510631A464FF0DF
:10CE90009043136008E03B695A01FB68134403F5B3
:10CEA00010631A46002313603B695A01FB68134460
:10CEB00003F510631A46002313613B695A01FB68AE
:10CEC000134403F510631A464FF67F3393603B69B2
:10CED00001333B6197F824301A463B699342B5D33E
:10CEE00000233B6143E03B695A01FB68134403F5AF
:10CEF00030631B6803F00043B3F1004F18D13B6966
:10CF0000002B0AD13B695A01FB68134403F53063D7
:10CF10001A464FF00063136013E03B695A01FB6847
:10CF2000134403F530631A464FF09043136008E052
:10CF30003B695A01FB68134403F530631A4600232A
:10CF400013603B695A01FB68134403F530631A46CA
:10CF5000002313613B695A01FB68134403F53063F6
:10CF60001A464FF67F3393603B6901333B6197F874
:10CF700024301A463B699342B5D3FB6803F500633E
:10CF80001B69FA6802F5006223F4807313617B6801
:10CF900000229A617B686FF080425A6197F82630D0
:10CFA000002B05D17B689B6943F010027B689A6176
:10CFB0007B689A69104B13437A68936197F82A301B
:10CFC000002B05D07B689B6943F008027B689A615F
:10CFD00097F82E30012B07D17B689B6943F0804383
:10CFE00043F004037A689361FB7D18461837BD4609
:10CFF000BDE8804004B0704700383C8080B485B004
:10D0000000AF786039600023FB60FB680133FB6090
:10D01000FB68B3F1706F01D903231BE07B681B69C8
:10D02000002BF2DA0023FB603B689B0143F02002F7
:10D030007B681A61FB680133FB60FB68B3F1706FBA
:10D0400001D9032306E07B681B6903F02003202B32
:10D05000F0D0002318461437BD465DF8047B7047B6
:10D0600080B485B000AF78600023FB60FB680133BB
:10D07000FB60FB68B3F1706F01D9032318E07B6894
:10D080001B69002BF2DA0023FB607B6810221A6117
:10D09000FB680133FB60FB68B3F1706F01D90323B8
:10D0A00006E07B681B6903F01003102BF0D000230F
:10D0B00018461437BD465DF8047B704780B485B0D0
:10D0C00000AF78600B46FB707B68FB60FB6803F584
:10D0D00000631A68FB78F96801F5006113430B607F
:10D0E000002318461437BD465DF8047B704780B4B2
:10D0F00087B000AF78607B683B613B6903F50063F4
:10D100009B6803F00603FB60FB68002B02D1002341
:10D11000FB750AE0FB68022B02D0FB68062B02D1EC
:10D120000223FB7501E00F23FB75FB7D18461C37BE
:10D13000BD465DF8047B704780B485B000AF786071
:10D1400039607B68FB603B681B78BB603B685B7841
:10D15000012B3AD1FB6803F50063DA693B681B7861
:10D1600003F00F03012101FA03F39BB2F96801F503
:10D1700000611343CB61BB685A01FB68134403F59C
:10D1800010631B6803F40043002B55D1BB685A01A0
:10D19000FB68134403F510631A683B689B68C3F38C
:10D1A0000A013B681B799B041943BB689B050B4331
:10D1B0001343BA685101FA680A4402F5106243F059
:10D1C000805343F40043136036E0FB6803F50063CB
:10D1D000DA693B681B7803F00F03012101FA03F3BE
:10D1E0001B04F96801F500611343CB61BB685A0168
:10D1F000FB68134403F530631B6803F40043002B02
:10D200001AD1BB685A01FB68134403F530631A68EE
:10D210003B689B68C3F30A013B681B799B040B4383
:10D220001343BA685101FA680A4402F5306243F0C8
:10D23000805343F400431360002318461437BD465F
:10D240005DF8047B7047000080B485B000AF786063
:10D2500039607B68FB603B681B78BB603B685B7830
:10D26000012B61D1BB685A01FB68134403F51063BD
:10D270001B6803F00043B3F1004F1FD1BB685A0194
:10D28000FB68134403F510631B68BA685101FA6820
:10D290000A4402F5106243F000631360BB685A0150
:10D2A000FB68134403F510631B68BA685101FA6800
:10D2B0000A4402F5106243F080431360FB6803F5F3
:10D2C0000063DA6B3B681B7803F00F03012101FA5E
:10D2D00003F39BB2DB43F96801F500611340CB63B4
:10D2E000FB6803F50063DA693B681B7803F00F0302
:10D2F000012101FA03F39BB2DB43F96801F50061F8
:10D300001340CB61BB685A01FB68134403F51063FB
:10D310001A68BB685901FB680B4403F51063194692
:10D32000354B13400B6060E0BB685A01FB68134447
:10D3300003F530631B6803F00043B3F1004F1FD1C6
:10D34000BB685A01FB68134403F530631B68BA6875
:10D350005101FA680A4402F5306243F00063136039
:10D36000BB685A01FB68134403F530631B68BA6855
:10D370005101FA680A4402F5306243F080431360B9
:10D38000FB6803F50063DA6B3B681B7803F00F035F
:10D39000012101FA03F31B04DB43F96801F5006185
:10D3A0001340CB63FB6803F50063DA693B681B78C5
:10D3B00003F00F03012101FA03F31B04DB43F968B7
:10D3C00001F500611340CB61BB685A01FB6813444F
:10D3D00003F530631A68BB685901FB680B4403F519
:10D3E00030631946054B13400B6000231846143771
:10D3F000BD465DF8047B7047007833EC0078F3EFAE
:10D4000080B58AB002AFF860B9601346FB71FB6863
:10D41000FB61BB681B78BB61BB685B78012B40F08C
:10D420007F81BB681B69002B32D1BB695A01FB6944
:10D43000134403F510631B69BA695101FA690A4480
:10D4400002F5106223F0FF5323F4C0131361BB698C
:10D450005A01FB69134403F510631B69BA69510152
:10D46000FA690A4402F5106243F400231361BB69B0
:10D470005A01FB69134403F510631B69BA69510132
:10D48000FA690A4402F51062DB0CDB04136197E0D1
:10D49000BB695A01FB69134403F510631B69BA6940
:10D4A0005101FA690A4402F51062DB0CDB041361D6
:10D4B000BB695A01FB69134403F510631B69BA6920
:10D4C0005101FA690A4402F5106223F0FF5323F474
:10D4D000C0131361BB69002B1AD1BB681A69BB6802
:10D4E0009B689A4203D9BB689A68BB681A61BB699A
:10D4F0005A01FB69134403F510631B69BA695101B2
:10D50000FA690A4402F5106243F40023136144E00F
:10D51000BB681A69BB689B6813445A1EBB689B684A
:10D52000B2FBF3F3FB82BB695A01FB69134403F5B9
:10D5300010631A69FB8AD904A44B0B40B9694801EE
:10D54000F969014401F5106113430B61BB681B7954
:10D55000012B22D1BB695A01FB69134403F5106307
:10D560001B69BA695101FA690A4402F5106223F095
:10D57000C0431361BB695A01FB69134403F510638F
:10D580001A69FB8A5B0703F0C043B9694801F9696E
:10D59000014401F5106113430B61BB695A01FB693A
:10D5A000134403F510631A69BB681B69C3F31203C4
:10D5B000B9694801F969014401F5106113430B6130
:10D5C000FB79012B4BD1BB68DB69002B09D0BB6910
:10D5D0005A01FB69134403F510631A46BB68DB6903
:10D5E0005361BB681B79012B28D1FB6903F50063EC
:10D5F0009B6803F48073002B10D1BB695A01FB694F
:10D60000134403F510631B68BA695101FA690A44AF
:10D6100002F5106243F0005313600FE0BB695A013A
:10D62000FB69134403F510631B68BA695101FA6979
:10D630000A4402F5106243F080531360BB695A013B
:10D64000FB69134403F510631B68BA695101FA6959
:10D650000A4402F5106243F00443136066E1BB69BB
:10D660005A01FB69134403F510631B68BA69510141
:10D67000FA690A4402F5106243F004431360BB6880
:10D680001B79012B15D0BB681B69002B00F04E8164
:10D69000FB6903F500635A6BBB681B7803F00F034B
:10D6A000012101FA03F3F96901F5006113434B63AA
:10D6B0003CE1FB6903F500639B6803F48073002B76
:10D6C00010D1BB695A01FB69134403F510631B6851
:10D6D000BA695101FA690A4402F5106243F0005335
:10D6E00013600FE0BB695A01FB69134403F5106333
:10D6F0001B68BA695101FA690A4402F5106243F0E5
:10D7000080531360BB68D968BB681A78BB681B6913
:10D7100098B2FB7900930346F86800F0B9F905E187
:10D72000BB695A01FB69134403F530631B69BA698D
:10D730005101FA690A4402F53062DB0CDB04136123
:10D74000BB695A01FB69134403F530631B69BA696D
:10D750005101FA690A4402F5306223F0FF5323F4C1
:10D76000C0131361BB69002B32D1BB681B69002B4E
:10D7700003D0BB689A68BB681A61BB689A68BB68CB
:10D780001A62BB695A01FB69134403F530631A69D5
:10D79000BB681B6AC3F31203B9694801F969014404
:10D7A00001F5306113430B61BB695A01FB691344F6
:10D7B00003F530631B69BA695101FA690A4402F53D
:10D7C000306243F40023136162E000BF0000F81FE1
:10D7D000BB681B69002B23D1BB695A01FB69134449
:10D7E00003F530631A69BB689B68C3F31203B96918
:10D7F0004801F969014401F5306113430B61BB69CC
:10D800005A01FB69134403F530631B69BA6951017E
:10D81000FA690A4402F5306243F40023136137E0E9
:10D82000BB681A69BB689B6813445A1EBB689B6837
:10D83000B2FBF3F3FB82BB689B68FA8A03FB02F23C
:10D84000BB681A62BB695A01FB69134403F5306374
:10D850001A69FB8AD904384B0B40B9694801F96948
:10D86000014401F5306113430B61BB695A01FB6947
:10D87000134403F530631A69BB681B6AC3F31203D0
:10D88000B9694801F969014401F5306113430B613D
:10D89000FB79012B0DD1BB68DB68002B09D0BB687D
:10D8A000D968BB695A01FB69134403F530630A4622
:10D8B0005A61BB681B79012B28D1FB6903F5006312
:10D8C0009B6803F48073002B10D1BB695A01FB697C
:10D8D000134403F530631B68BA695101FA690A44BD
:10D8E00002F5306243F0005313600FE0BB695A0148
:10D8F000FB69134403F530631B68BA695101FA6987
:10D900000A4402F5306243F080531360BB695A0148
:10D91000FB69134403F530631B68BA695101FA6966
:10D920000A4402F5306243F00443136000231846B2
:10D930002037BD4680BD00BF0000F81F80B487B00F
:10D9400000AF786039600023FB600023FB757B68C3
:10D950003B613B685B78012B4AD13B681B785A01DD
:10D960003B69134403F510631B6803F00043B3F1F4
:10D97000004F40F086803B681B785A013B69134496
:10D9800003F510631B683A68127851013A690A443A
:10D9900002F5106243F0006313603B681B785A0184
:10D9A0003B69134403F510631B683A681278510110
:10D9B0003A690A4402F5106243F080431360FB6841
:10D9C0000133FB60FB6842F21072934202D90123DB
:10D9D000FB7556E03B681B785A013B69134403F51D
:10D9E00010631B6803F00043B3F1004FE7D048E039
:10D9F0003B681B785A013B69134403F530631B688D
:10DA000003F00043B3F1004F3BD13B681B785A0150
:10DA10003B69134403F530631B683A68127851017F
:10DA20003A690A4402F5306243F0006313603B68D0
:10DA30001B785A013B69134403F530631B683A684D
:10DA4000127851013A690A4402F5306243F080438A
:10DA50001360FB680133FB60FB6842F21072934273
:10DA600002D90123FB750CE03B681B785A013B6926
:10DA7000134403F530631B6803F00043B3F1004F18
:10DA8000E7D0FB7D18461C37BD465DF8047B704728
:10DA900080B489B000AFF860B96011461A460B46F1
:10DAA000FB711346BB80FB687B61BB68FB6197F829
:10DAB0002830002B23D1BB8803339B083B61002314
:10DAC000BB6118E0FB791A037B69134403F58053AB
:10DAD0001A46FB691B681360FB690133FB61FB6934
:10DAE0000133FB61FB690133FB61FB690133FB61BE
:10DAF000BB690133BB61BA693B699A42E2D3002337
:10DB000018462437BD465DF8047B704780B48BB05F
:10DB100000AFF860B9601346FB80FB68BB61BB686F
:10DB20007B62FB889B089BB27B61FB8803F003034D
:10DB3000FB8300233B6214E0BB6903F580531A6842
:10DB40007B6A1A607B6A01337B627B6A01337B628A
:10DB50007B6A01337B627B6A01337B623B6A013300
:10DB60003B623A6A7B699A42E6D3FB8B002B1ED05C
:10DB700000233B62BB6903F580531A4607F110038B
:10DB800012681A603A693B6ADBB2DB0022FA03F3DF
:10DB9000DAB27B6A1A703B6A01333B627B6A0133FB
:10DBA0007B62FB8B013BFB83FB8B002BEAD17B6A07
:10DBB00018462C37BD465DF8047B704780B485B0AD
:10DBC00000AF786039607B68FB603B681B78BB60A6
:10DBD0003B685B78012B2CD1BB685A01FB6813446E
:10DBE00003F510631B68002B12DBBB68002B0FD002
:10DBF000BB685A01FB68134403F510631B68BA68DD
:10DC00005101FA680A4402F5106223F08043136060
:10DC1000BB685A01FB68134403F510631B68BA68BC
:10DC20005101FA680A4402F5106243F400131360CC
:10DC30002BE0BB685A01FB68134403F530631B6893
:10DC4000002B12DBBB68002B0FD0BB685A01FB68AE
:10DC5000134403F530631B68BA685101FA680A443B
:10DC600002F5306223F080431360BB685A01FB6801
:10DC7000134403F530631B68BA685101FA680A441B
:10DC800002F5306243F40013136000231846143782
:10DC9000BD465DF8047B704780B485B000AF786006
:10DCA00039607B68FB603B681B78BB603B685B78D6
:10DCB000012B28D1BB685A01FB68134403F510639C
:10DCC0001B68BA685101FA680A4402F5106223F42D
:10DCD000001313603B681B79032B03D03B681B794F
:10DCE000022B38D1BB685A01FB68134403F510635B
:10DCF0001B68BA685101FA680A4402F5106243F0E1
:10DD00008053136027E0BB685A01FB68134403F596
:10DD100030631B68BA685101FA680A4402F5306240
:10DD200023F4001313603B681B79032B03D03B687B
:10DD30001B79022B0FD1BB685A01FB68134403F512
:10DD400030631B68BA685101FA680A4402F5306210
:10DD500043F080531360002318461437BD465DF826
:10DD6000047B704780B485B000AF78600B46FB70D1
:10DD70007B68FB60FB6803F500631B68FA6802F5CB
:10DD8000006223F4FE631360FB6803F500631A6806
:10DD9000FB781B0103F4FE63F96801F5006113438E
:10DDA0000B60002318461437BD465DF8047B7047AE
:10DDB00080B485B000AF78607B68FB60FB6803F5DA
:10DDC00060631B68FA6802F5606223F00303136066
:10DDD000FB6803F500635B68FA6802F5006223F0F4
:10DDE00002035360002318461437BD465DF8047BD8
:10DDF000704780B485B000AF78607B68FB60FB68DB
:10DE000003F560631B68FA6802F5606223F00303A0
:10DE10001360FB6803F500635B68FA6802F5006253
:10DE200043F002035360002318461437BD465DF8E3
:10DE3000047B704780B485B000AF78607B685B6915
:10DE4000FB607B689B69FA681340FB60FB681846BF
:10DE50001437BD465DF8047B704780B485B000AFD1
:10DE600078607B68FB60FB6803F500639B69BB60BF
:10DE7000FB6803F50063DB69BA681340BB60BB68ED
:10DE80001B0C18461437BD465DF8047B704780B400
:10DE900085B000AF78607B68FB60FB6803F50063CA
:10DEA0009B69BB60FB6803F50063DB69BA681340DC
:10DEB000BB60BB689BB218461437BD465DF8047B57
:10DEC000704780B485B000AF78600B46FB707B680C
:10DED000FB60FB785A01FB68134403F530639B68D1
:10DEE000BB60FB6803F500635B69BA681340BB6005
:10DEF000BB6818461437BD465DF8047B704780B494
:10DF000087B000AF78600B46FB707B687B617B69F4
:10DF100003F500631B693B617B6903F500635B6B81
:10DF2000FB60FB7803F00F03FA6822FA03F3DB01CE
:10DF3000DBB23A6913433B61FB785A017B691344B6
:10DF400003F510639B683A691340BB60BB681846D1
:10DF50001C37BD465DF8047B704780B483B000AFCA
:10DF600078607B685B6903F0010318460C37BD4697
:10DF70005DF8047B704780B485B000AF78607B6843
:10DF8000FB60FB6803F510631B68FA6802F510621A
:10DF900023F4FF6323F007031360FB6803F50063BA
:10DFA0005B68FA6802F5006243F4807353600023F3
:10DFB00018461437BD465DF8047B704780B487B0BF
:10DFC00000AFF8600B467A60FB72FB687B61FB6810
:10DFD0003C3304331B683B613B69264A93420AD9B0
:10DFE0007B6903F530631B6803F00043B3F1004F16
:10DFF00001D1002337E07B6903F530631A46002323
:10E0000013617B6903F530631B697A6902F530623D
:10E0100043F4002313617B6903F530631B697A695C
:10E0200002F5306243F0180313617B6903F5306336
:10E030001B697A6902F5306243F0C0431361FB7AD1
:10E04000012B0FD17B6903F530631A467B6853615E
:10E050007B6903F530631B687A6902F5306243F02F
:10E0600080231360002318461C37BD465DF8047BEF
:10E07000704700BF0A30544F80B485B000AF78605D
:10E080000023FB60FB680133FB60FB68B3F1706F3A
:10E0900001D9032322E07B681B69002BF2DA0A23F3
:10E0A000FB6002E0FB68013BFB60FB68002BF9D1E1
:10E0B0007B681B6943F001027B681A61FB680133CE
:10E0C000FB60FB68B3F1706F01D9032306E07B6846
:10E0D0001B6903F00103012BF0D00023184614370D
:10E0E000BD465DF8047B704780B584B000AF7860B2
:10E0F0000B46FB704FF4077002F0BCFCF860FB6845
:10E10000002B09D17B68D3F8D4227B68B032002180
:10E1100043F822100223D4E04FF407720021F8687C
:10E1200004F004F97B68D3F8D4227B68B032F96834
:10E1300043F822107B68D3F8D4227B68B03253F8BE
:10E1400022207B68C3F8BC227B681B7C002B38D163
:10E150005E4B19784FF400730222786802F067FB77
:10E160005A4B1B7803F00F02796813469B00134447
:10E170009B000B44233301221A70554B19784FF43E
:10E1800000730222786802F052FB514B1B7803F0B7
:10E190000F02796813469B0013449B000B4403F263
:10E1A000631301221A704B4B1B7803F00F0279683E
:10E1B00013469B0013449B000B441C3310221A602F
:10E1C00035E0424B197840230222786802F02FFB99
:10E1D0003E4B1B7803F00F02796813469B001344F3
:10E1E0009B000B44233301221A70394B19784023CA
:10E1F0000222786802F01BFB354B1B7803F00F02FC
:10E20000796813469B0013449B000B4403F263138D
:10E2100001221A702F4B1B7803F00F027968134606
:10E220009B0013449B000B441C3310221A60294BA3
:10E23000197808230322786802F0F9FA254B1B7835
:10E2400003F00F02796813469B0013449B000B44B4
:10E25000233301221A70FB680022C3F804227B6872
:10E26000D3F8D4327A68B0339B0013445B681B68E0
:10E270009847FB680022C3F81422FB680022C3F809
:10E280001822FB68D3F80432002B01D1022318E0D6
:10E290007B681B7C002B0AD10D4B1978FB68D3F8E7
:10E2A00004224FF40073786802F0B0FB08E0084BDA
:10E2B0001978FB68D3F804224023786802F0A6FBA3
:10E2C000002318461037BD4680BD00BFCB0000209C
:10E2D000CC000020CD00002080B582B000AF786077
:10E2E0000B46FB703A4B1B781946786802F0C5FA6A
:10E2F000374B1B7803F00F02796813469B001344D9
:10E300009B000B44233300221A70324B1B781946B2
:10E31000786802F0B2FA2F4B1B7803F00F0279688D
:10E3200013469B0013449B000B4403F2631300222B
:10E330001A70294B1B781946786802F09EFA264B12
:10E340001B7803F00F02796813469B0013449B006F
:10E350000B44233300221A701F4B1B7803F00F026B
:10E36000796813469B0013449B000B441C33002226
:10E370001A607B68D3F8D4227B68B03253F822301D
:10E38000002B1FD07B68D3F8D4327A68B0339B005F
:10E3900013445B685B6898477B68D3F8D4227B683A
:10E3A000B03253F82230184602F072FB7B68D3F883
:10E3B000D4227B68B032002143F822107B6800220F
:10E3C000C3F8BC22002318460837BD4680BD00BFF5
:10E3D000CB000020CC000020CD00002080B586B00E
:10E3E00000AF786039607B68D3F8D4227B68B032A4
:10E3F00053F822303B6100237B7300237B81002391
:10E40000FB753B69002B01D10323BFE03B681B7800
:10E4100003F06003002B50D0202B40F0AF803B680E
:10E42000DB88002B3AD03B681B785BB2002B1BDAF1
:10E430007B68D3F8D4327A68B0339B0013445B68AE
:10E440009B683A68507839693A68D28898473B683F
:10E45000DB88072B28BF0723FB813B69FA89194614
:10E46000786801F0A9FD90E03B685A783B6983F831
:10E4700000223B68DB883F2B03D83B68DB88DAB29D
:10E4800000E040223B6983F8012239693B6993F837
:10E4900001321A46786801F0BEFD76E07B68D3F859
:10E4A000D4327A68B0339B0013445B689B683A6847
:10E4B000507800223968984767E03B685B780B2BFF
:10E4C00051D801A252F823F0F9E4000875E50008DC
:10E4D00067E5000867E5000867E5000867E50008EC
:10E4E00067E5000867E5000867E5000867E50008DC
:10E4F00023E500084DE500087B6893F89C32DBB209
:10E50000032B07D107F10A0302221946786801F0AC
:10E5100053FD32E03968786801F0D1FC0323FB75C4
:10E520002BE07B6893F89C32DBB2032B07D107F119
:10E530000D0301221946786801F03EFD1DE039689F
:10E54000786801F0BCFC0323FB7516E07B6893F848
:10E550009C32DBB2032B0FD03968786801F0AFFC36
:10E560000323FB7508E03968786801F0A8FC0323F1
:10E57000FB7502E000BF08E000BF06E0396878687C
:10E5800001F09DFC0323FB7500BFFB7D1846183787
:10E59000BD4680BD80B584B000AF78600B46FB708F
:10E5A0007B68D3F8C832FB607B68D3F8D4227B68E1
:10E5B000B03253F82230002B01D1032365E07B6891
:10E5C000D3F8D4227B68B03253F82230BB60FB789A
:10E5D00003F00F02796813469B0013449B000B4421
:10E5E00014331B68002B2FD0FB7803F00F027968DF
:10E5F00013469B0013449B000B4414331A68FB78AA
:10E6000003F00F01F8680B46DB000B449B0003444A
:10E610001C331B68B2FBF3F101FB03F3D31A002B8D
:10E6200012D1FB7803F00F02796813469B00134464
:10E630009B000B44143300221A60F9780023002257
:10E64000786802F0C2F91FE0BB680022C3F8142208
:10E650007B68D3F8D4327A68B0339B0013445B688C
:10E660001B69002B10D07B68D3F8D4327A68B033A2
:10E670009B0013445B681B69BA68D2F80802BA6849
:10E6800002F50471FA789847002318461037BD4602
:10E6900080BD80B584B000AF78600B46FB707B68AE
:10E6A000D3F8D4227B68B03253F82230FB607B6809
:10E6B000D3F8D4227B68B03253F82230002B01D13A
:10E6C00003231AE0FB781946786802F0C0F9024685
:10E6D000FB68C3F80C227B68D3F8D4327A68B03375
:10E6E0009B0013445B68DB68FA68D2F80402FA689E
:10E6F00002F5037211469847002318461037BD46AD
:10E7000080BD80B584B000AF78607B68D3F8D42238
:10E710007B68B03253F82230FB60FB68002B01D1DC
:10E72000032324E07B68D3F8D4327A68B0339B00AB
:10E7300013445B68002B19D0FB6893F80032FF2B61
:10E7400014D07B68D3F8D4327A68B0339B0013447A
:10E750005B689B68FA6892F80002F968FA6892F8B8
:10E7600001229847FB68FF2283F800220023184605
:10E770001037BD4680BD000080B586B000AF786020
:10E780008221184800F062FD78610121154800F0EF
:10E790005DFD38618121134800F058FDF8607B6908
:10E7A000002B02D07B6910229A713B69002B06D0A6
:10E7B0003B69002242F040021A7100225A71FB6844
:10E7C000002B06D0FB68002242F040021A710022A2
:10E7D0005A717B6843221A80024B18461837BD468F
:10E7E00080BD00BF8800002080B586B000AF786093
:10E7F0008221184800F02AFD78610121154800F0B7
:10E8000025FD38618121134800F020FDF8607B6907
:10E81000002B02D07B6910229A713B69002B06D035
:10E820003B6900221A71002242F002025A71FB6811
:10E83000002B06D0FB6800221A71002242F002026F
:10E840005A717B6843221A80024B18461837BD461E
:10E8500080BD00BF8800002080B586B000AF786022
:10E860008221184800F0F2FC78610121154800F07F
:10E87000EDFC38618121134800F0E8FCF8607B6909
:10E88000002B02D07B6910229A713B69002B06D0C5
:10E890003B69002242F040021A7100225A71FB6863
:10E8A000002B06D0FB68002242F040021A710022C1
:10E8B0005A717B6843221A80024B18461837BD46AE
:10E8C00080BD00BF8800002080B483B000AF7860B6
:10E8D0007B680A221A80034B18460C37BD465DF848
:10E8E000047B70474400002080B483B000AF7860A0
:10E8F00039603B68002B01D1032309E07B68D3F822
:10E90000D4327A68B0339B0013443A685A600023CB
:10E9100018460C37BD465DF8047B704780B487B05D
:10E9200000AFF860B9607A60FB68D3F8D422FB6866
:10E93000B03253F822307B617B69002B01D1032375
:10E9400008E07B69BA68C3F808227B697A68C3F873
:10E950001022002318461C37BD465DF8047B704723
:10E9600080B485B000AF786039607B68D3F8D4227A
:10E970007B68B03253F82230FB60FB68002B01D17A
:10E98000032304E0FB683A68C3F804220023184616
:10E990001437BD465DF8047B7047000080B584B035
:10E9A00000AF78607B68D3F8D4227B68B03253F82C
:10E9B0002230BB600123FB73BB68002B01D1032312
:10E9C00025E0BB68D3F81432002B1FD1BB680122AD
:10E9D000C3F81422104B1B7803F00F02BB68D3F866
:10E9E0001012786813469B0013449B0003441433B1
:10E9F0001960094B1978BB68D3F80822BB68D3F8B3
:10EA00001032786801F0E1FF0023FB73FB7B1846AE
:10EA10001037BD4680BD00BFCB00002080B584B05C
:10EA200000AF78607B68D3F8D4227B68B03253F8AB
:10EA30002230FB607B68D3F8D4227B68B03253F875
:10EA40002230002B01D1032318E07B681B7C002BB4
:10EA50000AD10C4B1978FB68D3F804224FF40073E9
:10EA6000786801F0D3FF08E0064B1978FB68D3F80B
:10EA700004224023786801F0C9FF002318461037AC
:10EA8000BD4680BDCC00002080B586B000AFF860E8
:10EA9000B9601346FB71FB68002B01D103231FE013
:10EAA000FB680022C3F8B822FB680022C3F8C42226
:10EAB000FB680022C3F8D022BB68002B03D0FB68A0
:10EAC000BA68C3F8B422FB68012283F89C22FB6871
:10EAD000FA791A70F86801F043FE0346FB75FB7D76
:10EAE00018461837BD4680BD80B584B000AF786049
:10EAF00039600023FB813B68002B01D1032325E013
:10EB00007B683A68C3F8B8227B68D3F8D4227B6864
:10EB1000AE3253F82230DB6A002B0FD07B68D3F87B
:10EB2000D4227B68AE3253F82230DB6A07F10E0242
:10EB30001046984702467B68C3F8D0227B68D3F81A
:10EB4000D8325A1C7B68C3F8D822002318461037E5
:10EB5000BD4680BD80B582B000AF7860786801F0B6
:10EB60004BFE034618460837BD4680BD80B483B0CF
:10EB700000AF7860002318460C37BD465DF8047B73
:10EB8000704780B584B000AF78600B46FB700023FF
:10EB9000FB737B68D3F8B832002B09D07B68D3F8BD
:10EBA000B8321B68FA781146786898470346FB73B9
:10EBB000FB7B18461037BD4680BD80B584B000AFE2
:10EBC00078600B46FB700023FB737B68D3F8B83288
:10EBD0005B68FA781146786898470346002B01D0A5
:10EBE0000323FB73FB7B18461037BD4680BD80B501
:10EBF00084B000AF786039607B6803F2AA2339687B
:10EC0000184601F022F97B680122C3F894227B6840
:10EC1000B3F8B0321A467B68C3F898227B6893F841
:10EC2000AA3203F01F03022B1AD0022B22D8002B8A
:10EC300002D0012B0AD01DE07B6803F2AA231946FB
:10EC4000786800F077FB0346FB7320E07B6803F2F3
:10EC5000AA231946786800F0DFFB0346FB7316E031
:10EC60007B6803F2AA231946786800F041FC03464A
:10EC7000FB730CE07B6893F8AA3223F07F03DBB2CE
:10EC80001946786801F018FE0346FB7300BFFB7B52
:10EC900018461037BD4680BD80B586B000AFF8601D
:10ECA0000B467A60FB720023FB75FB7A002B77D151
:10ECB000FB6803F5AA733B61FB68D3F89432032B1E
:10ECC00040F0A1803B695B683A69928993421CD904
:10ECD0003B695B683A6992899A1A3B695A603B6959
:10ECE0001B693A6992891A443B691A613B6919693F
:10ECF0003B699B891A463B695B68934238BF134660
:10ED00001A46F86801F0A8F97DE0FB6893F8AA328A
:10ED100003F01F03022B14D0022B1DD8002B02D0AE
:10ED2000012B03D018E00023BB7518E0FB68B3F893
:10ED3000AE32DBB21946F86800F06EFA0346BB75D6
:10ED40000DE0FB68B3F8AE32DBB21946F86800F0AC
:10ED500070FA0346BB7502E00023BB7500BFBB7DA4
:10ED6000002B19D1FB6893F89C32DBB2032B13D133
:10ED7000BA7DFB68AE3253F822301B69002B0BD0F2
:10ED8000BA7DFB68C3F8D422BA7DFB68AE3253F873
:10ED900022301B69F8689847F86801F06EF932E094
:10EDA000FB7A03F07F03DBB21946F86800F041FA02
:10EDB0000346BB75BB7DFF2B25D0BB7D002B22D12D
:10EDC000FB6893F89C32DBB2032B17D1BA7DFB684A
:10EDD000AE3253F822309B69002B0FD0BA7DFB680E
:10EDE000C3F8D422BA7DFB68AE3253F822309B6957
:10EDF000FA7A1146F86898470346FB75FB7D002BAD
:10EE000001D0FB7D00E0002318461837BD4680BDC9
:10EE100080B586B000AFF8600B467A60FB72FB7A73
:10EE2000002B78D1FB6814333B61FB68D3F8943234
:10EE3000022B63D13B695B683A69928993421CD982
:10EE40003B695B683A6992899A1A3B695A603B69E7
:10EE50001B693A6992891A443B691A613B691969CD
:10EE60003B695B681A46F86801F0C4F80023002289
:10EE70000021F86801F0CAFD40E03B699B891A4611
:10EE80003B695B689A421CD13B691B683A6992896D
:10EE9000934216D33B691A68FB68D3F898329A42BA
:10EEA0000FD200220021F86801F0A4F8FB680022CC
:10EEB000C3F89822002300220021F86801F0A6FD83
:10EEC0001CE0FB6893F89C32DBB2032B0FD1FB688C
:10EED000D3F8B832DB68002B09D0FB680022C3F8F6
:10EEE000D422FB68D3F8B832DB68F86898478021F1
:10EEF000F86801F0E1FCF86801F0D2F8FB6893F8DB
:10EF0000A032002B3AD0F868FFF730FEFB680022F1
:10EF100083F8A02232E0FB7A63F07F03DBB219466C
:10EF2000F86800F086F90346FB75FB7DFF2B25D0C2
:10EF3000FB7D002B22D1FB6893F89C32DBB2032BC4
:10EF40001CD1FA7DFB68AE3253F822305B69002B8E
:10EF500014D0FA7DFB68C3F8D422FA7DFB68AE3288
:10EF600053F822305B69FA7A1146F86898470346ED
:10EF7000BB75BB7D002B01D0BB7D00E00023184694
:10EF80001837BD4680BD80B584B000AF78600023DF
:10EF9000FB737B68012283F89C227B680022C3F804
:10EFA00094227B6800225A607B680022C3F8A42266
:10EFB0007B68002283F8A0227B68D3F8B832002B4C
:10EFC00014D07B68D3F8B8325B68002B0ED07B6816
:10EFD000D3F8B8325B687A685268D2B21146786862
:10EFE00098470346002B01D00323FB7340230022E4
:10EFF0000021786801F01BFC7B68012283F8632103
:10F000007B684022A3F86021402300228021786899
:10F0100001F00DFC7B68012283F823207B684022ED
:10F020001A84FB7B18461037BD4680BD80B483B080
:10F0300000AF78600B46FB707B68FA781A74002387
:10F0400018460C37BD465DF8047B704780B483B02A
:10F0500000AF78607B6893F89C32DBB2042B06D05B
:10F060007B6893F89C32DAB27B6883F89D227B68D8
:10F07000042283F89C22002318460C37BD465DF815
:10F08000047B704780B483B000AF78607B6893F8EE
:10F090009C32DBB2042B06D17B6893F89D32DAB246
:10F0A0007B6883F89C22002318460C37BD465DF828
:10F0B000047B704780B582B000AF78607B6893F8BE
:10F0C0009C32DBB2032B10D17B68D3F8B832002B13
:10F0D0000BD07B68D3F8B832DB69002B05D07B6896
:10F0E000D3F8B832DB6978689847002318460837A8
:10F0F000BD4680BD80B582B000AF78600B46FB7026
:10F100007B68D3F8D4227B68AE3253F82230002BD0
:10F1100001D103231CE07B6893F89C32DBB2032B04
:10F1200015D17B68D3F8D4227B68AE3253F82230F5
:10F130001B6A002B0BD07B68D3F8D4227B68AE32DD
:10F1400053F822301B6AFA781146786898470023F2
:10F1500018460837BD4680BD80B582B000AF7860E4
:10F160000B46FB707B68D3F8D4227B68AE3253F831
:10F170002230002B01D103231CE07B6893F89C32E2
:10F18000DBB2032B15D17B68D3F8D4227B68AE3277
:10F1900053F822305B6A002B0BD07B68D3F8D42263
:10F1A0007B68AE3253F822305B6AFA781146786891
:10F1B0009847002318460837BD4680BD80B483B009
:10F1C00000AF7860002318460C37BD465DF8047B1D
:10F1D000704780B584B000AF78600023FB737B6814
:10F1E000012283F89C227B68D3F8B832002B0ED022
:10F1F0007B68D3F8B8325B687A685268D2B211463D
:10F20000786898470346002B01D00323FB73FB7BF0
:10F2100018461037BD4680BD80B483B000AF78601B
:10F220000B46FB70002318460C37BD465DF8047B87
:10F23000704780B483B000AF78600B46FB7000234A
:10F2400018460C37BD465DF8047B704780B586B024
:10F2500000AF78600B46FB707B687B617B68FB606E
:10F2600000233B61FB685B889BB2FA68127893428B
:10F270001FD9FB681B787B8113E007F10A0319464D
:10F28000786900F01BF878617B695B78052B08D101
:10F290007B693B613B699B78FA789A4208D00023EE
:10F2A0003B61FB685B889AB27B899A42E5D800E0B3
:10F2B00000BF3B6918461837BD4680BD80B485B095
:10F2C00000AF786039607B68FB603B681B88FA6838
:10F2D000127813449AB23B681A80FB681B781A466E
:10F2E0007B681344FB60FB6818461437BD465DF825
:10F2F000047B704780B487B000AF78607B687B6127
:10F300007B691B787B827B6901337B617B691B781E
:10F310003B82B7F910301B021AB2B7F9123013430F
:10F320001BB2FB81FB8918461C37BD465DF8047B88
:10F330007047000080B584B000AF7860396000236A
:10F34000FB733B681B7803F06003402B05D0402B18
:10F3500057D8002B0FD0202B53D17B68D3F8D42261
:10F360007B68AE3253F822309B68396878689847DA
:10F370000346FB734AE03B685B78092B3BD801A24C
:10F3800052F823F0D9F30008EDF30008F7F3000872
:10F39000E3F30008F7F30008B7F30008ADF3000843
:10F3A000F7F30008CFF30008C1F300083968786864
:10F3B00000F03EFA24E03968786800F0A3FB1FE013
:10F3C0003968786800F0E2FB0346FB7318E039689F
:10F3D000786800F085FC13E03968786800F0B6FCC6
:10F3E0000EE03968786800F0E5FC09E03968786873
:10F3F00000F009FD04E03968786800F060FD00BFA6
:10F4000004E03968786800F05AFD00BFFB7B1846BD
:10F410001037BD4680BD00BF80B584B000AF7860B6
:10F4200039600023FB733B681B7803F06003402BBB
:10F4300005D0402B52D8002B01D0202B4ED17B6819
:10F4400093F89C32DBB2013B022B40D83B689B888F
:10F45000DBB2012B36D83B689B88DBB21946786853
:10F46000FFF7DAFE0346BB73BB7BFF2B1DD0BB7BD4
:10F47000002B1AD1BA7B7B68AE3253F822309B68DE
:10F48000002B0FD0BA7B7B68C3F8D422BA7B7B6891
:10F49000AE3253F822309B68396878689847034643
:10F4A000FB7304E00323FB7301E00323FB733B685E
:10F4B000DB88002B10D1FB7B002B0DD1786800F08E
:10F4C000DCFD09E03968786800F0F9FC04E039688F
:10F4D000786800F0F4FC00E000BF04E03968786868
:10F4E00000F0EDFC00BFFB7B18461037BD4680BD29
:10F4F00080B584B000AF786039600023FB733B684F
:10F500009B88BB733B681B7803F06003402B07D0DC
:10F51000402B00F28181002B2AD0202B40F07C81EF
:10F52000BB7B19467868FFF784FE03467B737B7BC1
:10F53000FF2B00F076817B7B002B40F072817A7B81
:10F540007B68C3F8D4227A7B7B68AE3253F82230D2
:10F550009B68002B00F065817A7B7B68AE3253F8A4
:10F5600022309B683968786898470346FB7358E1F6
:10F570003B685B78032B08D0032B00F34781002BFB
:10F5800000F09B80012B3CD040E17B6893F89C32DB
:10F59000DBB2022B02D0032B16D02CE0BB7B002B5E
:10F5A0000DD0BB7B802B0AD0BB7B1946786801F05D
:10F5B00083F98021786801F07FF900BF20E0396885
:10F5C000786800F07CFC1BE03B685B88002B0ED168
:10F5D000BB7B002B0BD0BB7B802B08D03B68DB8830
:10F5E000002B04D1BB7B1946786801F065F9786877
:10F5F00000F043FD04E03968786800F060FC00BF6B
:10F6000009E17B6893F89C32DBB2022B02D0032B1A
:10F6100016D04BE0BB7B002B0DD0BB7B802B0AD0E0
:10F62000BB7B1946786801F047F98021786801F0C2
:10F6300043F900BF40E03968786800F040FC3BE0E7
:10F640003B685B88002B36D1BB7B03F07F03002B2C
:10F6500004D0BB7B1946786801F04DF9786800F05A
:10F660000CFDBB7B19467868FFF7E3FD03467B730F
:10F670007B7BFF2B1FD07B7B002B1CD17A7B7B6895
:10F68000C3F8D4227A7B7B68AE3253F822309B6871
:10F69000002B10D07A7B7B68AE3253F822309B6807
:10F6A0003968786898470346FB7304E039687868DE
:10F6B00000F005FC00E000BFADE07B6893F89C32F1
:10F6C000DBB2022B02D0032B33D099E0BB7B002BA3
:10F6D00007D0BB7B802B04D03968786800F0EFFB43
:10F6E00093E097F90E30002B0BDABB7B03F07F021F
:10F6F00013469B0013449B0010337A681344043371
:10F700000BE0BB7B03F07F0213469B0013449B007E
:10F7100003F5A8737A6813440433BB60BB68002206
:10F720009A73BB680E3302221946786800F044FCD5
:10F730006BE097F90E30002B11DABB7B03F00F0260
:10F74000796813469B0013449B000B4423331B78BA
:10F75000002B17D13968786800F0B1FB55E0BB7B0E
:10F7600003F00F02796813469B0013449B000B447F
:10F7700003F263131B78002B04D13968786800F01A
:10F780009EFB42E097F90E30002B0BDABB7B03F0B7
:10F790007F0213469B0013449B0010337A68134486
:10F7A00004330BE0BB7B03F07F0213469B00134442
:10F7B0009B0003F5A8737A6813440433BB60BB7BDA
:10F7C000002B02D0BB7B802B03D1BB6800229A7335
:10F7D0000EE0BB7B1946786801F0ACF80346002BBD
:10F7E00003D0BB6801229A7302E0BB6800229A73BF
:10F7F000BB680E3302221946786800F0DDFB04E096
:10F800003968786800F05BFB00BF04E0396878680D
:10F8100000F055FB00BF05E03968786800F04FFB49
:10F8200000E000BFFB7B18461037BD4680BD0000DE
:10F8300080B584B000AF7860396000233B8100233D
:10F84000FB600023FB723B685B881B0A9BB2013B99
:10F85000062B00F2288101A252F823F079F8000863
:10F8600091F80008D1F80008A7FA0008A7FA0008E4
:10F8700047FA000873FA00087B68D3F8B4321B68B3
:10F880007A68127C07F1080110469847F86012E187
:10F890007B681B7C002B0DD17B68D3F8B8329B6A48
:10F8A00007F1080210469847F860FB68013302220E
:10F8B0001A7000E17B68D3F8B832DB6A07F10802FE
:10F8C00010469847F860FB68013302221A70F2E094
:10F8D0003B685B88DBB2052B00F2AC8001A252F8DA
:10F8E00023F000BFFDF8000831F9000865F90008B1
:10F8F00099F90008CDF9000801FA00087B68D3F8EF
:10F90000B4325B68002B0BD07B68D3F8B4325B68F1
:10F910007A68127C07F1080110469847F86091E078
:10F920003968786800F0CBFAFB7A0133FB7289E022
:10F930007B68D3F8B4329B68002B0BD07B68D3F87C
:10F94000B4329B687A68127C07F108011046984728
:10F95000F86077E03968786800F0B1FAFB7A013333
:10F96000FB726FE07B68D3F8B432DB68002B0BD0FE
:10F970007B68D3F8B432DB687A68127C07F108013F
:10F9800010469847F8605DE03968786800F097FAAB
:10F99000FB7A0133FB7255E07B68D3F8B4321B6904
:10F9A000002B0BD07B68D3F8B4321B697A68127CC9
:10F9B00007F1080110469847F86043E03968786815
:10F9C00000F07DFAFB7A0133FB723BE07B68D3F8F1
:10F9D000B4325B69002B0BD07B68D3F8B4325B691F
:10F9E0007A68127C07F1080110469847F86029E010
:10F9F0003968786800F063FAFB7A0133FB7221E022
:10FA00007B68D3F8B4329B69002B0BD07B68D3F8AA
:10FA1000B4329B697A68127C07F108011046984756
:10FA2000F8600FE03968786800F049FAFB7A013332
:10FA3000FB7207E03968786800F041FAFB7A01331D
:10FA4000FB7200BF37E07B681B7C002B09D17B6811
:10FA5000D3F8B8325B6B07F1080210469847F8609C
:10FA600029E03968786800F02AFAFB7A0133FB72E2
:10FA700021E07B681B7C002B0DD17B68D3F8B8326A
:10FA80001B6B07F1080210469847F860FB680133CA
:10FA900007221A700FE03968786800F010FAFB7AD4
:10FAA0000133FB7207E03968786800F008FAFB7AE6
:10FAB0000133FB7200BFFB7A002B1ED13B68DB8851
:10FAC000002B16D03B89002B0ED03B68DA883B898F
:10FAD000934228BF13469BB23B813B891A46F96883
:10FAE000786800F069FA09E03968786800F0E7F9A9
:10FAF00004E0786800F0C1FA00E000BF1037BD46AE
:10FB000080BD00BF80B584B000AF786039603B68CD
:10FB10009B88002B31D13B68DB88002B2DD13B68C3
:10FB20005B887F2B29D83B685B88DBB203F07F03BF
:10FB3000FB737B6893F89C32DBB2032B04D13968EA
:10FB4000786800F0BCF91DE07B68FA7B83F89E22A0
:10FB5000FB7B1946786800F019FF786800F08DFA91
:10FB6000FB7B002B04D07B68022283F89C2209E0F7
:10FB70007B68012283F89C2204E03968786800F0F1
:10FB80009EF900BF00BF1037BD4680BD80B584B070
:10FB900000AF786039600023FB733B685B88DAB2A2
:10FBA0004E4B1A704D4B1B78012B05D9396878687C
:10FBB00000F085F903238CE07B6893F89C32DBB27C
:10FBC000022B02D0032B29D075E0444B1B78002B6D
:10FBD00020D0424B1B781A467B685A603F4B1B78FB
:10FBE00019467868FEF7CDFF0346FB73FB7B002BBD
:10FBF00008D03968786800F062F97B68022283F8DF
:10FC00009C2265E0786800F038FA7B68032283F86C
:10FC10009C225DE0786800F030FA59E02F4B1B78A9
:10FC2000002B12D17B68022283F89C222B4B1B787D
:10FC30001A467B685A60294B1B7819467868FEF78C
:10FC4000BCFF786800F019FA42E0244B1B781A4692
:10FC50007B685B689A422AD07B685B68DBB2194696
:10FC60007868FEF7AAFF1D4B1B781A467B685A601E
:10FC70001A4B1B7819467868FEF783FF0346FB731F
:10FC8000FB7B002B0FD03968786800F018F97B688F
:10FC90005B68DBB219467868FEF78FFF7B6802224B
:10FCA00083F89C2214E0786800F0E7F910E07868A7
:10FCB00000F0E3F90CE03968786800F000F9074BD0
:10FCC0001B7819467868FEF778FF0323FB7300BFA3
:10FCD000FB7B18461037BD4680BD00BFC40B00201B
:10FCE00080B582B000AF786039603B68DB88012B5B
:10FCF00004D03968786800F0E2F823E07B6893F874
:10FD00009C32DBB2022B02DC002B03DC15E0032B60
:10FD10000BD012E07B6800229A607B6808330122D6
:10FD20001946786800F048F90CE07B68043301223A
:10FD30001946786800F040F904E03968786800F006
:10FD4000BEF800BF00BF0837BD4680BD80B582B099
:10FD500000AF786039607B6893F89C32DBB2013B7E
:10FD6000022B1ED83B68DB88022B04D039687868E8
:10FD700000F0A5F81AE07B680122DA607B68D3F80E
:10FD8000A432002B05D07B68DB6843F002027B685D
:10FD9000DA607B680C3302221946786800F00CF9AF
:10FDA00004E03968786800F08AF800BF00BF0837BF
:10FDB000BD4680BD80B582B000AF786039603B68D9
:10FDC0005B88012B07D17B680122C3F8A4227868E5
:10FDD00000F053F913E03B685B88022B0BD13B68C2
:10FDE0009B881B0A9BB2DAB27B6883F8A0227868F2
:10FDF00000F043F903E03968786800F060F800BF6C
:10FE00000837BD4680BD80B582B000AF78603960EC
:10FE10007B6893F89C32DBB2013B022B0BD83B682A
:10FE20005B88012B0CD17B680022C3F8A422786880
:10FE300000F023F904E03968786800F040F800E049
:10FE400000BF00BF0837BD4680BD80B584B000AF9D
:10FE5000786039603B68FB60FB681A787B681A70D1
:10FE6000FB680133FB60FB681A787B685A70FB689B
:10FE70000133FB60F868FFF73DFA03461A467B68DA
:10FE80005A80FB680133FB60FB680133FB60F86854
:10FE9000FFF730FA03461A467B689A80FB68013305
:10FEA000FB60FB680133FB60F868FFF723FA034649
:10FEB0001A467B68DA8000BF1037BD4680BD80B52A
:10FEC00082B000AF786039608021786800F0F4FC7F
:10FED0000021786800F0F0FC00BF0837BD4680BD07
:10FEE00080B586B000AFF860B9607A600023FB751A
:10FEF000FB68002B42D0FB683B61386900F042F898
:10FF0000034601335B00B3F5007F08D8386900F081
:10FF100039F8034601339BB25B009AB201E04FF41B
:10FF200000727B681A80FB7DBA6813447A68127885
:10FF30001A70FB7D0133FB75FB7DBA681344032205
:10FF40001A70FB7D0133FB7513E0FB7DBA68134427
:10FF50003A6912781A703B6901333B61FB7D0133CA
:10FF6000FB75FB7DBA68134400221A70FB7D0133D8
:10FF7000FB753B691B78002BE7D100E000BF183709
:10FF8000BD4680BD80B485B000AF78600023FB73B0
:10FF90007B68BB6005E0FB7B0133FB73BB6801330F
:10FFA000BB60BB681B78002BF5D1FB7B1846143770
:10FFB000BD465DF8047B704780B584B000AFF86043
:10FFC000B9607A60FB680222C3F89422FB687A6801
:10FFD0005A61FB68BA685A62FB687A689A617B6802
:10FFE000BA680021F86800F0F0FC002318461037CA
:10FFF000BD4680BD80B584B000AFF860B9607A605E
:020000040801F1
:100000007B68BA680021F86800F0DFFC002318461E
:100010001037BD4680BD80B584B000AFF860B960D0
:100020007A60FB680322C3F89422FB687A68C3F8FD
:100030005421FB68BA68C3F86421FB687A68C3F886
:1000400058217B68BA680021F86800F0DFFC0023C3
:1000500018461037BD4680BD80B584B000AFF8604B
:10006000B9607A607B68BA680021F86800F0CEFC5D
:10007000002318461037BD4680BD80B582B000AF62
:1000800078607B680422C3F89422002300220021B8
:10009000786800F09AFC002318460837BD4680BDFA
:1000A00080B582B000AF78607B680522C3F89422E7
:1000B000002300220021786800F0A8FC00231846E5
:1000C0000837BD4680BD000080B500AF0022124950
:1000D0001248FEF7D9FC0346002B01D0F1F7D4FFFC
:1000E0000F490E48FEF700FD0346002B01D0F1F743
:1000F000CBFF0C490948FEF7F7FB0346002B01D064
:10010000F1F7C2FF0548FEF725FD0346002B01D09D
:10011000F1F7BAFF00BF80BDE4000020C80B00204B
:1001200050000020D000002080B500AF002205491B
:100130000548FEF7F3FB05490348FEF711FC0023D1
:10014000184680BDA4160020C80B0020A40E002075
:1001500080B400AF00231846BD465DF8047B7047AD
:1001600080B483B000AF03463960FB711346BB8097
:10017000FB79232B4AD801A252F823F00D02010883
:100180000D0201080D0201080D0201080D0201080F
:100190000D0201080D0201080D0201080D020108FF
:1001A0000D0201080D0201080D0201080D020108EF
:1001B0000D0201080D0201080D0201080D020108DF
:1001C0000D0201080D0201080D0201080D020108CF
:1001D0000D0201080D0201080D0201080D020108BF
:1001E0000D0201080D0201080D0201080D020108AF
:1001F0000D0201080D0201080D0201080D0201089F
:100200000D0201080D0201080D02010800BF0023C4
:1002100018460C37BD465DF8047B704780B582B048
:1002200000AF7860396079680548FEF799FB0448AB
:10023000FEF7F4FB002318460837BD4680BD00BF1B
:10024000C80B002080B584B000AF78600B467B807F
:100250000023FB730D4BD3F8BC32BB60BB68D3F8F3
:100260001432002B01D001230BE07B881A467968F9
:100270000648FEF753FB0548FEF790FB0346FB7369
:10028000FB7B18461037BD4680BD00BFC80B002061
:1002900080B487B000AFF860B9601346FB710023EB
:1002A000FB7597F9173018461C37BD465DF8047B7F
:1002B0007047000080B483B000AF03463960FB7123
:1002C0003B6812221A80034B18460C37BD465DF876
:1002D000047B70470001002080B483B000AF034668
:1002E0003960FB713B6804221A80034B18460C37B7
:1002F000BD465DF8047B70471401002080B582B0D4
:1003000000AF03463960FB71FB79002B05D13A68D9
:1003100007490848FFF7E4FD04E03A680449054846
:10032000FFF7DEFD024B18460837BD4680BD00BF13
:10033000A41E00209C60010880B582B000AF034677
:100340003960FB713A6804490448FFF7C9FD024B64
:1003500018460837BD4680BDA41E0020B4600108C1
:1003600080B582B000AF03463960FB713B681A224A
:100370001A8000F043F8024B18460837BD4680BD8E
:100380001801002080B582B000AF03463960FB71D0
:10039000FB79002B05D13A6807490848FFF7A0FD13
:1003A00004E03A6804490548FFF79AFD024B1846F5
:1003B0000837BD4680BD00BFA41E0020C8600108EC
:1003C00080B582B000AF03463960FB71FB79002B2A
:1003D00005D13A6807490848FFF782FD04E03A680A
:1003E00004490548FFF77CFD024B18460837BD4617
:1003F00080BD00BFA41E0020D460010880B584B079
:1004000000AF0F4B1B68FB600E4B1B68BB600E4BB5
:100410001B687B60FA687B681344FB60FB68002BF9
:1004200009D008220949F86800F014F804220849A4
:10043000B86800F00FF800BF1037BD4680BD00BFA0
:10044000107AFF1F147AFF1F187AFF1F1A0100206D
:100450002A01002080B487B000AFF860B96013466D
:10046000FB710023FB750023FB7527E0FB681B0F66
:10047000092B0BD8FB681B0FDAB2FB7D5B0019461A
:10048000BB680B443032D2B21A700AE0FB681B0F13
:10049000DAB2FB7D5B001946BB680B443732D2B23F
:1004A0001A70FB681B01FB60FB7D5B000133BA68BF
:1004B000134400221A70FB7D0133FB75FA7DFB7932
:1004C0009A42D3D300BF00BF1C37BD465DF8047B02
:1004D0007047000080B58AB000AF786007F1140360
:1004E00000221A605A609A60DA601A617B681B68A1
:1004F000B3F1A04F3AD100233B611E4B1B6B1D4A49
:1005000043F0010313631B4B1B6B03F001033B61BF
:100510003B694FF4C0537B610223BB610023FB6145
:1005200003233B620A237B6207F114031946124836
:10053000F4F78CFD0F4B5B6B0E4A43F08003536363
:100540000023FB600B4B5B6C0A4A43F4804353640B
:10055000084B5B6C03F48043FB60FB6800220021C6
:100560004320F4F72CF94320F4F745F900BF28376E
:10057000BD4680BD003802400000024080B582B018
:1005800000AF78607B68D3F8E0247B6803F29C437B
:1005900019461046FEF72BFB00BF0837BD4680BD4D
:1005A00080B582B000AF78600B46FB707B68D3F8F3
:1005B000E004FA7879681346DB0013449B000B448F
:1005C00003F518731A68FB781946FEF765FB00BF40
:1005D0000837BD4680BD80B582B000AF78600B465D
:1005E000FB707B68D3F8E004FA7879681346DB0087
:1005F00013449B000B4420331A68FB781946FEF71E
:1006000007FC00BF0837BD4680BD80B582B000AF93
:1006100078607B68D3F8E0341846FEF74BFD00BFE6
:100620000837BD4680BD80B584B000AF7860012337
:10063000FB737B68DB79002B02D10023FB7308E09E
:100640007B68DB79022B02D10123FB7301E0F1F718
:100650001BFD7B68D3F8E034FA7B11461846FEF7A1
:10066000E5FC7B68D3F8E0341846FEF78CFC00BF4D
:100670001037BD4680BD000080B582B000AF786005
:100680007B68D3F8E0341846FEF7E0FC7B681B6813
:1006900003F560631B687A68126802F5606243F0D4
:1006A000010313607B68DB7A002B05D0044B1B69C8
:1006B000034A43F00603136100BF0837BD4680BDFF
:1006C00000ED00E080B582B000AF78607B68D3F8C1
:1006D000E0341846FEF7D6FC00BF0837BD4680BDA3
:1006E00080B582B000AF78600B46FB707B68D3F8B2
:1006F000E034FA7811461846FEF72EFD00BF0837A1
:10070000BD4680BD80B582B000AF78600B46FB70FF
:100710007B68D3F8E034FA7811461846FEF7EAFC15
:1007200000BF0837BD4680BD80B582B000AF78609D
:100730007B68D3F8E0341846FEF740FD00BF083769
:10074000BD4680BD80B582B000AF78607B68D3F8CD
:10075000E0341846FEF73DFD00BF0837BD4680BDBA
:1007600080B582B000AF78607B681B78002B3CD1ED
:10077000204A7B68C2F8E0347B681E4AC3F8C8226E
:100780001C4B4FF0A0421A601A4B04221A71194BED
:100790000222DA71174B00229A71164B02225A720A
:1007A000144B00229A72134B0022DA72114B002272
:1007B0001A73104B00229A730E4B0022DA730D4805
:1007C000F7F72BFB0346002B01D0F1F75DFC8021EE
:1007D0000848F8F758FD402200210648F8F70CFDBC
:1007E000802201210348F8F707FD00231846083747
:1007F000BD4680BDA420002080B584B000AF7860E5
:100800000023FB730023BB737B68D3F8C832184600
:10081000F7F712FC0346FB73FB7B184600F042F926
:100820000346BB73BB7B18461037BD4680BD80B501
:1008300084B000AF7860084611461A460346FB7044
:100840000B46BB7013463B800023FB730023BB7336
:100850007B68D3F8C802BB783A88F978F8F7E6F8ED
:100860000346FB73FB7B184600F01CF90346BB7381
:10087000BB7B18461037BD4680BD80B584B000AF45
:1008800078600B46FB700023FB730023BB737B680F
:10089000D3F8C832FA7811461846F8F731F903460A
:1008A000FB73FB7B184600F0FDF80346BB73BB7B74
:1008B00018461037BD4680BD80B584B000AF786063
:1008C0000B46FB700023FB730023BB737B68D3F8DC
:1008D000C832FA7811461846F8F7E9F90346FB736F
:1008E000FB7B184600F0DEF80346BB73BB7B184663
:1008F0001037BD4680BD80B584B000AF78600B4630
:10090000FB700023FB730023BB737B68D3F8C832F2
:10091000FA7811461846F8F72DFA0346FB73FB7B6D
:10092000184600F0BFF80346BB73BB7B1846103770
:10093000BD4680BD80B485B000AF78600B46FB70CB
:100940007B68D3F8C832FB6097F90330002B0BDAD1
:10095000FB7803F07F02F9681346DB0013449B0029
:100960000B4416331B780BE0FB7803F07F02F96829
:100970001346DB0013449B000B4403F256231B7801
:1009800018461437BD465DF8047B704780B584B0C7
:1009900000AF78600B46FB700023FB730023BB7332
:1009A0007B68D3F8C832FA7811461846F8F71AF877
:1009B0000346FB73FB7B184600F074F80346BB73D9
:1009C000BB7B18461037BD4680BD80B586B000AFF2
:1009D000F8607A603B600B46FB720023FB750023D6
:1009E000BB75FB68D3F8C802F97A3B687A68F8F7F8
:1009F00024F90346FB75FB7D184600F053F80346C7
:100A0000BB75BB7D18461837BD4680BD80B586B026
:100A100000AFF8607A603B600B46FB720023FB7509
:100A20000023BB75FB68D3F8C802F97A3B687A6883
:100A3000F8F7B0F80346FB75FB7D184600F032F876
:100A40000346BB75BB7D18461837BD4680BD80B5D3
:100A500082B000AF78600B46FB707B68D3F8C83279
:100A6000FA7811461846F8F7D0F8034618460837C2
:100A7000BD4680BD80B483B000AF7860034B18469C
:100A80000C37BD465DF8047B704700BF8825002009
:100A900080B483B000AF786000BF0C37BD465DF80E
:100AA000047B704780B485B000AF0346FB71002320
:100AB000FB73FB79032B17D801A252F823F000BF78
:100AC000D10A0108D70A0108DD0A0108E30A010872
:100AD0000023FB730BE00323FB7308E00123FB738C
:100AE00005E00323FB7302E00323FB7300BFFB7BE2
:100AF00018461437BD465DF8047B7047002100F0AE
:100B0000FFBD0A22002100F081BE70B504460D46EB
:100B100045EC104B164603F063FB51EC100B7EB115
:100B2000C5F30A53C3F16B03002B09DD1B0503F169
:100B30007F55002405F5401522462B46EFF75CFD56
:100B400041EC100B70BD00002DE9F04F9DB00E463A
:100B500015920022049018924FF000084FF00009FF
:100B600017910A782B2A0D4601F101011DD00BD8EF
:100B70000D2A06D8082AF3D87AB100230B939A4697
:100B800083E0202AECD0F8E72D2A10D10122691C3D
:100B900017910B926A78002A37D1159B1796002B74
:100BA00040F0958542464B462AE00022EFE70021BF
:100BB0000B91302A40F09B806A7802F0DF02582ABD
:100BC0005AD102930B9B019318AB0093814A04986E
:100BD00019AB17A902F0EEFB10F00F06044605D082
:100BE000062E14D10135002317950B93159B002B6E
:100BF00040F06F850B9B002BD4D0424609F1004397
:100C000043EC102B1DB0BDE8F08F0D46D1E7189ACC
:100C10003AB135211AA803F0DDFB1899049802F0C7
:100C2000A3FF013E042E06D8DFE806F014031E21C0
:100C30001400DDE91A89E00548BF49F0004929F0B0
:100C400000431B0D1B05002BD0D101F039FC2223E2
:100C50000360CBE7DDE91A83199A23F4801302F2CB
:100C6000334243EA0259E6E7DFF87091E3E76FF0B9
:100C700000494FF0FF38DEE7013517952B78302B10
:100C8000FAD0002BB2D04FF0010A00272B460E9766
:100C9000BB460A21184613F8014BA4F13002092A79
:100CA00028D94D49012201F049FB002834D0002009
:100CB000CDE9060022465C46652A01D0452A14D1BA
:100CC00024B95AEA00033FF468AF0024179E731C4E
:100CD000179372782B2A73D02D2A77D04FF0000CFF
:100CE000A2F13003092B7FD9179600239EE04FF025
:100CF000000ACAE7BBF1080FD8BF0E9A1793DBBFF3
:100D000001FB0242303A01FB07420E92C8BFA2F13A
:100D100030070BF1010BBDE7179B5A1C17925A784D
:100D2000BBF1000F33D006905C46A2F13003092BD3
:100D300012D901230793BFE7179B5A1C17925A78C1
:100D40000130302AF8D0A2F13103082B00F2C6841A
:100D50000690179D00200446303A00F1010310D0A0
:100D600006991944069120440A23A04211D108286B
:100D700000F1010419DC0E990A2303FB01230E93F1
:100D80000023179A511C179152781846CDE7584600
:100D9000D7E7082C04F1010403DC0E9959430E91A6
:100DA000E3E7102CD8BF5F43DFE70F28DCBF0A233F
:100DB00003FB0727E4E700210123CDE9061380E7C1
:100DC0004FF0000CB31C1793B27889E74FF0010C79
:100DD000F8E700BF44630108046101080000F07FE8
:100DE000179B5A1C17925A78302AF9D0A2F1310376
:100DF000082B3FF67AAF179B0593A2F1300E013313
:100E000017931A78A2F1300109293CD905995B1A88
:100E1000082B44F61F633CDC9E457146A8BF19466B
:100E20000591BCF1000F02D0059B5B420593002C9D
:100E300050D15AEA00007FF4D9AE079B002B7FF413
:100E4000ACAE692A29D026DC492A26D04E2A7FF466
:100E5000A4AEA14917A802F0CFFC00283FF49DAE34
:100E6000179B1B78282B2FD19C491AAA17A802F090
:100E7000D7FC052828D11B9BDDF8688043F0FF498B
:100E800049F4E009B2E60A2101FB0E22A2F1300E7C
:100E9000B5E70593C5E76E2AD9E7914917A802F08F
:100EA000ABFC00283FF479AE179B8E49013B17A895
:100EB000179302F0A1FC10B9179B01331793DFF8C9
:100EC00034924FF0000891E6874801F035FB59EC69
:100ED000108B8BE6DDE905320E989B1ABBF1000FF3
:100EE00008BFA346102C0A93A246A8BF4FF0100AD1
:100EF000EFF708FB092C8046894613DC0A9B002B80
:100F00003FF474AE0A9B73DD162B5ADC774901EB74
:100F1000C301D1E9000142464B46EFF76DFB804625
:100F2000894663E6714B03EBCA0353E91223EFF7DB
:100F300063FB804638468946EFF7E4FA02460B46E3
:100F400040464946EFF7A2F90F2C80468946D5DD89
:100F50000A9BA4EB0A0A9A44BAF1000F40F3978067
:100F60002AF00F061AF00F0A51D1B6F59A7F5EDC0F
:100F70000023DFF87CA13611404649461F46012E6A
:100F800079D10BB1804689465949A9F1547901EBD1
:100F9000C70142464B46D1E90001EFF72DFB554B07
:100FA0000A460B4054498B42804640D8A1F5801137
:100FB0008B4286BFDFF844914FF0FF3802F154793D
:100FC00032E00A9AC4F125039342C1DB474DC4F1D4
:100FD0000F0405EBC40142464B46D1E90001EFF78F
:100FE0000BFB0A9B1C1B05EBC405D5E9002394E70A
:100FF0001633ADDBDDE905239A1A3C4B03EBC20344
:10100000D3E9002340464946EFF720FC87E73749FC
:1010100001EBCA0142464B46D1E90001EFF7ECFA79
:1010200080468946002EA0D100230793A0E000242B
:1010300005940E940694049ADFF8B8902223136066
:101040004FF000080E9B002B3FF4D0AD1899049888
:1010500002F08AFD0699049802F086FDDDE904019C
:1010600002F082FD0E99049802F07EFD049821465C
:1010700002F07AFDBAE5F20704D5DAE90023EFF7CA
:10108000BBFA0123013776100AF1080A77E7CBD0C3
:10109000CAF1000A4FEA2A161AF00F0A0DD11F2EC4
:1010A0002EDD002405940E940694049A22234FF01A
:1010B00000084FF000091360C4E70C4B03EBCA03B0
:1010C00040464946D3E90023EFF7C0FB80468946F6
:1010D000002EA9D0E3E700BF1361010830630108C7
:1010E0000B610108F2610108EE610108B8640108B2
:1010F000906401080000F07F0000A07CFFFFEF7FFC
:1011000016F0100318BF6A23764F079340464946EE
:101110000023F20704D5D7E90023EFF76DFA012386
:10112000761007F10807F4D10BB180468946079B7A
:10113000B3B1C9F30A52C2F16B03002B49460FDD6C
:101140001F2B57DD342BDEBF4FF0FF33C2F14B02B4
:1011500093404FF00008CCBF4FF05C7903EA0109DF
:101160000022002340464946EFF7AEFC002898D104
:101170000E9B0093049823465A46294602F05CFDD4
:101180000E9000283FF453AFDDE905239B1A0A9A1D
:10119000002AA8BF00231293002422EAE2731493CA
:1011A00005940E9B0498596802F0A0FC0690002854
:1011B0003FF441AF0E9B1A69023203F10C01920019
:1011C0000C3001F0AAF949EC108B04981AAA19A95D
:1011D000CDE90C8903F074F8189000283FF42BAF88
:1011E0000498012102F0BEFD0590034648B9002392
:1011F000059320E74FF0FF3202FA03F303EA0808F1
:10120000AEE7199D1A9A002DABBF129B149B149E3A
:10121000129FACBFEF185E1B079BED1A1544324BB3
:10122000013D9D42C2F136024FDA5B1B1F2BA2EB40
:1012300003024FF001013CDC01FA03FA4FF0000B0E
:10124000BD18079BAF4216441E443B46A8BF2B4621
:10125000B342A8BF3346002BC2BFED1AF61AFF1ADD
:10126000129B002B16DDDDE904011A4602F03AFE5E
:1012700005900028BBD00146189A049802F088FD1A
:101280000F9000283FF4D7AE1899049802F06CFC38
:101290000F9B1893002D1BDC0A9B002B26DD149A54
:1012A0000699049802F01EFE0690F8B900230693F2
:1012B000C1E6C5F17F4505F57F0505F57B45E235BE
:1012C00001FA05FB4FF0010ABAE74FF0000BF9E70E
:1012D000189904982A4602F061FE18900028DBD184
:1012E000A9E600BF5863010802FCFFFF002E07DDDE
:1012F00006990498324602F051FE06900028D5D097
:10130000002F08DDDDE904013A4602F047FE0590B2
:1013100000283FF490AE069A1899049802F0C8FE8F
:10132000044600283FF487AEC3680F930023059955
:10133000C36002F0A1FE00283CDA0F9B53EA0803C9
:101340005ED1C9F313034D46002B59D129F0004358
:101350001B0D1B05B3F1D66F52D9636913B923690D
:10136000012B4DDD21460122049802F017FE05995C
:10137000044602F081FE002842DDAD4B079A2B4067
:10138000002A5FD0B3F1D66F5CD8B3F15C7F7FF6F3
:101390008CAEA84B404649460022EFF72DF9A44BEE
:1013A0000B4080468946002B7FF450AE049A2223DE
:1013B00013604BE64D4662D10F9AC9F3130342B353
:1013C0009D4A934228D1079B4146EBB1984B2B4055
:1013D000B3F1D46F4FF0FF3219D81B0DC3F16B037B
:1013E00002FA03F3994217D1944B9D4202D1013185
:1013F0003FF421AE8E4B2B4003F580194FF00008CF
:10140000079B002BC5D121E64FF0FF33EAE71346D7
:10141000E8E753EA0803B0D0BBF1000F1BD01BEA8A
:10142000050FEDD00F9B079A40464946B3B1FFF731
:101430006CFBDDE90C0153EC102BEEF727FF804627
:101440008946DDE7A3F580136FEA13596FEA09595E
:101450004FF0FF38D4E71AEA080FE2E7FFF755FB31
:10146000DDE90C0153EC102BEEF70EFF00220023F8
:1014700080468946EFF728FB0028C1D015E605997C
:10148000204602F075FF57EC106B00224FF08043AE
:1014900030463946EFF72CFB002870D00F9B002B0D
:1014A0007BD1B8F1000F56D1C9F31303002B58D1EB
:1014B000634B002230463946EFF710FB002859D124
:1014C000604B002230463946EFF796F882468B464D
:1014D0000BF10043CDF820A00993554B544A2B4003
:1014E0001393594B2A409A42DDE9086740F0B080D7
:1014F000A5F1547949EC108B02F072FEDDE9082366
:1015000051EC100BEFF778F842464B46EEF7BEFE73
:10151000474D4E4A0D409542804645D90D9A474B5E
:101520009A4203D10C9B01333FF485ADDFF80C9157
:101530004FF0FF381899049802F016FB06990498AA
:1015400002F012FBDDE9040102F00EFB04982146D3
:1015500002F00AFB25E6B8F1010F02D1002D3FF49D
:10156000A4AD9FED2B7BDFF8D8B08DED087B4FF05D
:10157000000AB2E7DFF8CCB04FF0000AA8E7314B21
:10158000002230463946EFF737F80F9B82468B46EC
:10159000002B9DD0CDE908AB9FE79FED1F7B8DED24
:1015A000087B5BEC17AB98E701F15479079B002BA4
:1015B000C0D129F00043139A1B0D1B059A42B9D1E3
:1015C00050465946EFF778FBEEF7E8FF02460B4628
:1015D00050465946EEF758FE0F9AC9F3130343EAF3
:1015E0000803134306460F466BD00DA3D3E900232F
:1015F000EFF774FA00287FF429AD0BA3D3E9002399
:1016000030463946EFF788FA002893D01EE500BF30
:10161000000000000000F0BF000000000000F03FEC
:101620009535A094FFFFDF3F35E5AF350000E03F83
:101630000000F07F00005039FFFF0F00FFFFEF7F39
:101640000000F03F0000E03F0000E07FFFFF9F7CD4
:10165000079B13B3139BB3F1D46F1ED824A3D3E914
:10166000002350465946EFF743FA90B15946504689
:10167000EFF79AFA012838BF0120EEF743FF0F9BDE
:1016800082468B46D3B901F1004310901193DDE9F6
:101690001067139A07F1D6639F1A9DED0C0B02F0A9
:1016A0009FFD304653EC102B3946EEF7A5FFDDE9E0
:1016B0000C23EEF7EBFD8046894677E7CDE910ABCA
:1016C000E5E70DA3D3E90023EFF708FA9CE7002331
:1016D0000B93159A179B1360FFF78CBA652A3FF49A
:1016E0006AAB452A3FF467AB01230793FFF7A1BB21
:1016F0000000C0FFFFFFDF419535A094FFFFCF3F03
:101700000A4601460248034B0068FFF71DBA00BFB6
:10171000AC02002040010020242B2DE9F047864632
:10172000904601D8012B06D100F0CAFE16230360B3
:101730000020BDE8F08734480D462A4615F8014BD5
:10174000065D16F00806F8D12D2C10D12C78012654
:10175000951C33F0100215D1302C0DD12A7802F0EF
:10176000DF02582A08D16C78023510230AE02B2CAE
:1017700004BF2C78951CECE7002BF6D1302C14BF5D
:101780000A23082306F1004C0CF1FF3C0022BCFBAD
:10179000F3F9104603FB19CAA4F13007092F0FD83B
:1017A0003C46A3421BDD571C07D0814514D301D111
:1017B000A24511DB00FB0340012215F8014BEBE7CA
:1017C000A4F14107192F01D8373CEAE7A4F16107DA
:1017D000192F04D8573CE4E74FF0FF32EDE7531CD4
:1017E00008D12223CEF800306046B8F1000FA0D017
:1017F000691E06E006B14042B8F1000F99D0002AF8
:10180000F6D1C8F8001094E78163010813460A4630
:10181000014602480068FFF77FBF00BFAC0200200E
:101820002DE9FF4757EC106B002F0C4619463B463D
:10183000BBBF07F100431F4600232D230B700D9BF8
:10184000DDF830A0914623F02008BCBF3246164692
:10185000B8F1460F05D0B8F1450F00D1013402218F
:1018600000E0032103AB019302AB009347EC106B44
:101870005346224600F010FFB8F1470F054619D134
:1018800019F0010F0ED000EB0409002200233046AE
:101890003946EFF719F908B1CDF80C903022039BC7
:1018A0004B451ED3039B0E9A5B1B2846136004B066
:1018B000BDE8F087B8F1460F00EB0409E5D10378E5
:1018C000302B0AD10022002330463946EFF7FCF8CE
:1018D00018B9C4F10104CAF80040DAF8003099449C
:1018E000D3E7591C03911A70D9E7F7B50029BABF9D
:1018F00049422D232B2309290270437029DD0DF164
:10190000070425460A272246B1FBF7F607FB161304
:10191000303302F8013C0B46632B04F1FF343146AF
:10192000F1DC3031931E04F8011C411C1C46AB4213
:101930000AD30DF109039B1AA54238BF0023821C6C
:101940001344181A03B0F0BD13F8016B01F8016FCE
:10195000EDE7302330318370C170031DF1E70000E3
:101960002DE9F04F8DB00C46DDF8588016461F4625
:10197000054600F05BFD036806931846EEF778FC19
:1019800000230A93D8F8003094F818A0D4F800B0D7
:101990000790073323F00703B3EC027B8DED047B44
:1019A000C8F80030DDE9048323F0004984ED127BA0
:1019B0009C4B4FF0FF3240464946EFF7B7F870BBFB
:1019C000984B4FF0FF3240464946EFF791F830BB55
:1019D000DDE9040100220023EFF780F810B12D2388
:1019E00084F84330904A914BBAF1470F8CBF904630
:1019F0009846032323612BF0040323604FF0000972
:101A0000009733460BAA2146284600F0D1F9013051
:101A100040F08C804FF0FF300DB0BDE8F08FDDE975
:101A2000042310461946EFF781F840B1059B804A20
:101A3000002BBCBF2D2384F843307E4BD4E7636872
:101A40005A1C0AF0DF093BD1062363604BF4806225
:101A50000023226003930AABCDE901A309AB0093F5
:101A600061689DED040B0DF123032846FFF7D8FEB6
:101A7000B9F1470F0999804629D1C81C02DB636878
:101A80008B4241DAAAF1020A5FFA8AFA0139524618
:101A900004F150000991FFF728FF0A9A1318012A50
:101AA0008146236102DC2268D20701D5013323611C
:101AB0009DF82330002BA3D02D2384F843309FE7DB
:101AC000B9F1470FC2D1002BC0D10123BDE7BAF154
:101AD000650FDBD9BAF1660F18D1002963680BDDF9
:101AE000216113B92268D00702D501330B44236169
:101AF000A1654FF00009DBE713B92268D20701D5D1
:101B00000233F4E70123F2E74FF0670A0A9B8B42A6
:101B100005DC23682161D807EAD54B1CE7E70029DB
:101B2000D4BFC1F1020201221344E0E723685A0541
:101B300007D42369424631462846B84701302BD1A5
:101B400068E7BAF1650F40F2DD80D4E912010022A6
:101B50000023EEF7B9FF002833D0374A012331467E
:101B60002846B84701303FF455AFDDE90938434511
:101B700002DB2368D8070FD5DDE906233146284666
:101B8000B84701303FF446AF4FF0000908F1FF3885
:101B900004F11A0AC84509DC23689B0700F1038198
:101BA000E0680B9B9842B8BF184635E701235246C0
:101BB00031462846B84701303FF42CAF09F10109FE
:101BC000E8E7099B002B39DC1B4A012331462846F4
:101BD000B84701303FF41EAFDDE9093959EA030384
:101BE00002D12368D907D7D5DDE906233146284637
:101BF000B84701303FF40EAF4FF0000A04F11A0B62
:101C0000099B5B42534501DC4B4693E701235A464F
:101C100031462846B84701303FF4FCAE0AF1010ACC
:101C2000EEE700BFFFFFEF7F0A61010806610108D0
:101C3000126101080E61010816610108A36DDDF84B
:101C400028A05345A8BF5346002B994636DC4FF0D9
:101C5000000B29EAE97904F11A02A36D0493A3EBBE
:101C600009035B4531DC099B9A453ADC2368DA07B6
:101C700037D4099BAAEB0309049BAAEB03039945FC
:101C8000A8BF9946B9F1000F33DC4FF0000829EAEC
:101C9000E97904F11A0B099BAAEB0303A3EB0903EF
:101CA00043457FF779AF01235A4631462846B84766
:101CB00001303FF4AFAE08F10108ECE7424631468F
:101CC0002846B8470130C2D1A4E601233146284650
:101CD0000492B84701303FF49DAE049A0BF1010B1A
:101CE000BBE7DDE9062331462846B8470130C0D1BD
:101CF00090E6049A4B46424431462846B8470130A4
:101D0000C3D187E6DDF828A0BAF1010F01DCDB07BB
:101D100036D50123424631462846B84701303FF4C4
:101D200079AEDDE9062331462846B84701303FF455
:101D300071AED4E91201002200230AF1FF3AEEF756
:101D4000C3FEC0B9534608F1010231462846B847E0
:101D500001300CD15EE601235A4631462846B84789
:101D600001303FF457AE08F10108D045F3DB4B4694
:101D700004F15002DFE64FF0000804F11A0BF4E71B
:101D800001234246E1E701234A4631462846B84747
:101D900001303FF43FAE08F10108E3680B995B1A8C
:101DA0004345F0DCFCE64FF0000804F11909F4E7C4
:101DB0002DE9F047164698468A680B69DDF82090B1
:101DC0009342B8BF1346336091F8432007460C4650
:101DD0000AB1013333602368990642BF3368023386
:101DE0003360256815F0060506D104F1190AE36889
:101DF00032689B1AAB4226DC94F843302268003BE1
:101E000018BF012392062BD404F143024146384601
:101E1000C84701301ED02368226903F00603042B53
:101E200002BFE5683368ED1AA3680CBF25EAE575C3
:101E300000259342C4BF9B1AED1800261A34B54200
:101E40001AD1002008E00123524641463846C847CF
:101E5000013003D14FF0FF30BDE8F0870135C6E710
:101E6000E1185A1C302081F84300224494F84510B0
:101E700082F843100233C7E7012322464146384621
:101E8000C8470130E6D00136D9E700002DE9F0431C
:101E90000D7E85B0782D90460C9E07460C469946DF
:101EA00001F1430207D8622D0AD8002D00F0D78037
:101EB000582D00F0BC8004F1420684F842503BE00B
:101EC000A5F16303152BF6D801A151F823F000BF4B
:101ED000291F01083D1F0108B71E0108B71E010890
:101EE000B71E0108B71E01083D1F0108B71E0108F3
:101EF000B71E0108B71E0108B71E010845200108DA
:101F0000671F0108F71F0108B71E0108B71E010867
:101F100067200108B71E0108671F0108B71E0108E6
:101F2000B71E0108FF1F010833681A1D1B683260C5
:101F300004F1420684F842300123A1E033682068AE
:101F4000191D3160060601D51D6803E04506FBD565
:101F5000B3F90050002D03DA2D236D4284F843308D
:101F60005B480A2311E021683368080653F8045BD4
:101F700002D4490648BFADB23360237E54486F2B6C
:101F80005CD10823002184F843106668A660002E07
:101F900005DB21682E4321F00401216050D0164654
:101FA000B5FBF3F103FB115C10F80CC006F801CD92
:101FB000AC4663450D46F3D9082B0BD12368DB07EC
:101FC00008D5236961689942DEBF302306F8013CD9
:101FD00006F1FF36921B2261CDF80090434603AA1A
:101FE00021463846FFF7E4FE01304ED14FF0FF3076
:101FF00005B0BDE8F083236843F020032360354833
:10200000782584F845502368316813F0800F51F823
:10201000045B03D113F0400F18BFADB23160D90794
:1020200044BF43F0200323601DB11023AAE72848D2
:10203000E7E7236823F020032360F6E70A23A1E7FC
:102040001646B9E7336825686169181D30602E06A9
:102050001B6801D5196002E06806FBD519800023D2
:1020600023611646B8E733681A1D32601E6862683D
:1020700000213046EEF7ACF808B1801B6060636861
:102080002361002384F84330A6E7236932464146A2
:102090003846C8470130A9D023689B0713D4E068AD
:1020A000039B9842B8BF1846A2E701233246414637
:1020B0003846C847013099D00135E36803995B1A67
:1020C000AB42F2DCEBE7002504F11906F5E700BFAF
:1020D0001861010829610108002310B50446C0E910
:1020E0000033C0E90433836081814366C281836128
:1020F000194608225C3000F019F90D4B63620D4B54
:10210000A3620D4BE3620D4B23630D4B24629C4293
:1021100006D003F16802944202D0D0339C4205D12C
:1021200004F15800BDE8104000F0F4B910BD00BF44
:10213000A5220108C7220108FF2201082523010862
:10214000A8270020024A0349034800F06BB800BFEB
:10215000340100202D480108B002002041680C4BDA
:10216000994210B5044601D002F060FBA168094B0A
:10217000994202D0204602F059FBE168064B994291
:1021800004D02046BDE8104002F050BB10BD00BF97
:10219000A827002010280020782800200C4B0D4A8A
:1021A0000D4810B504211A600022FFF795FF0A4B75
:1021B00001221C46092103F16800FFF78DFF04F19D
:1021C000D0000222BDE810401221FFF785BF00BFFA
:1021D000E028002045210108A8270020014800F040
:1021E0009AB900BFE9280020014800F095B900BF66
:1021F000E928002010B50446FFF7F0FF236A1BB161
:10220000BDE81040FFF7F0BF044B2362044B1B688E
:10221000002BF5D1FFF7C2FFF2E700BF5D210108F7
:10222000E02800202DE9F84307468846144600269A
:10223000D4E90195B9F1010905D52468002CF7D13D
:102240003046BDE8F883AB89012B07D9B5F90E30CC
:10225000013303D029463846C04706436835E9E7CD
:102260000EB410B59DB01FAB029006906FF0004108
:102270000A48079104910A4953F8042B0591002458
:1022800002A9006801931B9402F056F9029B1C708E
:102290001DB0BDE8104003B0704700BFAC02002085
:1022A0000802FFFF10B50C46B1F90E1000F0E4F87B
:1022B0000028ABBF636DA3891B1823F48053ACBF08
:1022C0006365A38110BD2DE9F0411F468B89DB05B5
:1022D00005460C46164605D5B1F90E10022300221C
:1022E00000F0B8F8A389B4F90E1023F48053A38149
:1022F00032463B462846BDE8F04100F0CFB810B565
:102300000C46B1F90E1000F0A5F8B4F90C30421CDF
:102310000BBF23F4805343F48053A381A38118BFE0
:10232000606510BDB1F90E1000F084B80244034698
:10233000934200D1704703F8011BF9E710B56AB169
:102340000139841810F8012B11F8013F9A4203D18A
:10235000A04201D0002AF5D1D01A10BD1046FCE7EA
:102360001B4B2DE9F0411C68656C06460F463DBBD2
:10237000502001F0F3FA0246606420B9154B16486C
:102380005B2100F0E1F88560626CC0E90055C2E9AC
:102390000355626CC2E90555626CC2E90A55626C6C
:1023A000C2E90C55626CC2E90E55626CC2E9105567
:1023B000626CC2E91255626C15772B46656C6B62D4
:1023C0002A46394630460123BDE8F04100F006B800
:1023D000AC0200203A61010851610108F0B50446E1
:1023E00008B9146844B1204614F8015B0F4617F889
:1023F000016B1EB965B91560002005E0B542F6D144
:10240000002BF0D114600370F0BD1C460CE01DB928
:10241000274614F8013B0E4616F8015BAB42F6D195
:10242000002BF2D000233B701460EDE700487047AA
:102430003002002038B5064D0023044608462B60C4
:10244000F1F748FB431C02D12B6803B1236038BD70
:10245000E428002038B5074D0446084611460022FE
:102460002A601A46F1F75DFB431C02D12B6803B1C9
:10247000236038BDE428002038B5074D04460846DF
:10248000114600222A601A46F1F7EBFA431C02D1EA
:102490002B6803B1236038BDE428002038B5074D10
:1024A00004460846114600222A601A46F1F7F6FA59
:1024B000431C02D12B6803B1236038BDE4280020FF
:1024C000014B1868704700BFAC02002070B50D4B7F
:1024D0000D4D5B1B9C100026A64209D103F010FD98
:1024E0000A4D0B4B5B1B9C100026A64205D170BD0C
:1024F00055F8043B98470136EEE755F8043B9847FA
:102500000136F2E708660108086601080866010856
:102510000C6601087047704770470A44914200F109
:10252000FF3300D1704710B511F8014B03F8014F8C
:102530009142F9D110BD00009FED010B704700BF23
:10254000000000000000F87F1FB514461A46094B32
:102550001B680546D8684CB1074B0091CDE90134A2
:1025600006492B4602F08AF902F0C4F9044B1C46D6
:10257000F3E700BFAC020020B3610108C0610108AD
:10258000EE6101082DE9F74F03690C69A342074684
:102590007EDB013C01F11408A30000F11405009357
:1025A00005EB8403019358F8243055F824200133B7
:1025B0009A4208EB8409B2FBF3F62ED34FF0000ADF
:1025C000C446AE46D3465CF8043B98B206FB00A076
:1025D000020C1B0C06FB0323DEF8002080B292B233
:1025E000121A5A44DEF800004FEA134A9BB2C3EBBA
:1025F000224303EB104392B242EA0342E1454EF814
:10260000042B4FEA234BDED2009BEB582BB9019BE6
:10261000043B9D421A462FD33C61384601F02CFD05
:10262000002825DB2946002058F8042BD1F800C0EB
:102630001FFA82FE1FFA8CF3A3EB0E030344120C65
:10264000C2EB234202EB1C429BB243EA0243C14568
:1026500041F8043B4FEA2240E6D255F8242005EB2E
:10266000840322B9043B9D421A460BD33C610136D8
:10267000304603B0BDE8F08F1268043B002ACBD18E
:10268000013CC6E71268043B002AEFD1013CEAE7AF
:102690000020EEE7000000002DE9F04F99B08DED2D
:1026A0000E0B0C92C269229C0A9157EC106B81466A
:1026B000139382B9102001F051F90246C9F81C00A9
:1026C00020B9AB4BEF21AB48FFF73EFF0023C0E939
:1026D00001330360C360116859B152684A60012335
:1026E00093408B60484601F03FFAD9F81C30002235
:1026F0001A60B7F10008B5BF0123002323602360EF
:102700009D4BBCBF28F00048CDF83C8033EA08035D
:102710001AD1139AC8F3130842F20F7358EA060845
:10272000136000F06885239B53B9944B21E0944BD0
:1027300000930833239A1360009819B0BDE8F08F16
:102740008E4B00930333F5E79DED0E7B002251EC99
:10275000170B00238DED067BEEF7B6F9824650B1DC
:10276000139A01231360239B13B1239A854B1360A3
:10277000854B0093E0E79DED060B16AA17A9484686
:1027800001F09EFD5FEA1854169D019079D0079BD9
:10279000CDF850A0C3F31303DDE9060143F07F53E6
:1027A00043F44013A4F2FF3419460022774BEDF7AF
:1027B0006BFD69A3D3E90023EDF71EFF68A3D3E9FE
:1027C0000023EDF763FD064620460F46EDF7AAFE0F
:1027D00065A3D3E90023EDF70FFF02460B46304611
:1027E0003946EDF753FD06460F46EEF7B5F90022E0
:1027F0008046002330463946EEF770F948B140462E
:10280000EDF790FE32463B46EEF75EF908B908F167
:10281000FF38B8F1160F51D85D4B03EBC803D3E96D
:102820000023DDE90601EEF759F9002848D008F148
:10283000FF38002312932D1B6B1E089343BF002308
:10284000C5F1010708930027B8F1000F3ADB089B98
:10285000CDF8348043440893002309930A9B092B45
:1028600062D8052BC4BF043B0A930A9BA3F1020361
:10287000CCBF00240124032B62D8DFE803F05153BE
:10288000362B179C2C4404F23243202BC1BFC3F1DA
:10289000400308FA03F804F2124326FA03F3D6BF02
:1028A000C3F1200348EA030006FA03F0EDF72AFE1D
:1028B0000122A1F1F873013C149275E70123B9E7F5
:1028C0001290B8E7C8F1000309930023A7EB0807AB
:1028D0000D93C3E701230B930C9B434405930133F2
:1028E000012B0493B8BF012306E001230B930C9B3B
:1028F000002B28DDCDE90433D9F81C000021042287
:1029000002F114059D4223D94160484601F0EEF8DA
:102910000090002840D11F4B024640F2AF11D2E692
:102920000023E3E70023D6E701240023CDE90A349E
:102930004FF0FF33CDE90433002212230C92DBE782
:1029400001230B93F4E70123CDE904331A46F5E79D
:1029500001315200D4E700BF61436F63A787D23FC4
:10296000B3C8608B288AC63FFB799F501344D33F7E
:102970003A610108FC6101080000F07FF86101087C
:10298000EF61010817610108166101080000F83FB6
:10299000B864010854620108D9F81C30009A1A6022
:1029A000049B0E2B00F2A180002C00F09E80B8F159
:1029B000000F36DD9E4B08F00F0203EBC20318F444
:1029C000807FD3E900AB4FEA281516D0994BDDE99B
:1029D0000601D3E90823EDF739FFCDE9020105F03F
:1029E0000F050324934E75B9DDE9020152465B469B
:1029F000EDF72CFF82468B462DE09DED067B0224F1
:102A00008DED027BEEE7E90708D550465946D6E939
:102A10000023EDF7F1FD013482468B466D10083638
:102A2000E1E700F0AD80C8F10005814B814E05F073
:102A30000F0203EBC203D3E90023DDE90601EDF742
:102A4000DBFD2D1182468B4600230224002D40F031
:102A50008C80002BCED1129B002B00F09580764B02
:102A6000002250465946EEF739F8002800F08C80D5
:102A7000049B002B00F08880059B002B35DD08F1BE
:102A8000FF330293504659466C4B0022EDF7B4FDDC
:102A9000059E82468B4601342046EDF743FD5246A3
:102AA0005B46EDF7A9FD664B0022EDF7EFFB044610
:102AB000A1F15075CDE91045002E69D1614B00227E
:102AC00050465946EDF7E0FB22462B4682468B46A0
:102AD000EEF722F8002840F09482224605F10043E8
:102AE00050465946EDF7FAFF20BB179B002BC0F26A
:102AF0006081B8F10E0F00F35C814D4B03EBC8030E
:102B0000D3E900AB0C9B002B80F2EE80049B002BE2
:102B100000F3EA800ED14B4B002250465946EDF7A8
:102B20006BFD02460B46DDE90601EDF7E1FF0028EB
:102B300000F06A8200252C460C9B009EDB4302932A
:102B4000274600242946484601F00EF8002F00F0E1
:102B5000C1802CB1BC4203D02146484601F004F8A4
:102B60003946484601F000F8B4E0EA0705D5D6E951
:102B70000023EDF741FD013401236D10083665E7B0
:102B8000DDE906AB022466E7049ECDF8088083E702
:102B9000274B03EBC60353E902010B9B002B55D0D7
:102BA00002460B4600202849EDF750FEDDE91023D0
:102BB000EDF76AFB009BCDE910019D191E465946B1
:102BC0005046EDF7C9FF0446EDF7ACFC02460B4654
:102BD00050465946EDF758FB3034DDE9102306F82E
:102BE000014B82468B46EDF779FF002872D15246A1
:102BF0005B4611490020EDF747FBDDE91023EDF7B7
:102C00006DFF002840F0B680AE423FF46EAFDDE9C4
:102C100010010A4B0022EDF7EFFC084BCDE9100143
:102C2000002250465946EDF7E7FC82468B46C6E740
:102C3000B8640108906401080000F03F00002440DF
:102C400000001C40000014400000E03FDDE91023BC
:102C5000EDF7D2FC009B009DCDE9100133441593A4
:102C600059465046EDF778FF0446EDF75BFC3034EB
:102C70000B46024659465046EDF706FB05F8014B58
:102C8000159B9D4282468B4627D1009B0022DDE9A1
:102C900010011E44B34BEDF7F9FA02460B465046BD
:102CA0005946EDF739FF002864D1DDE91023AD491D
:102CB0000020EDF7E9FA02460B4650465946EDF77B
:102CC0000DFF00283FF411AF334616F8012D302ACE
:102CD000FAD01E46DDF808803AE0A34B0022EDF75B
:102CE0008BFC82468B46BBE7009E52465B46DDE985
:102CF0000601EDF7ABFDEDF72FFF0746EDF712FCF0
:102D000052465B46EDF778FC02460B46DDE90601CC
:102D1000EDF7BAFA07F1300C009C06F801CBA6EBF0
:102D2000040C049C644502460B4633D1EDF7AEFA21
:102D300052465B4604460D46EDF7EEFEC0B95246DC
:102D40005B4620462946EDF7BFFE08B1FB070FD4CE
:102D50000199484600F008FF0023139A337008F1E8
:102D600001031360239B002B3FF4E6AC1E60E3E4F9
:102D7000CDF8088033461E4613F8012D392A06D1B6
:102D8000009A9A42F7D1029A01320292302201321D
:102D90001A709FE7744B0022EDF72EFC02460B469B
:102DA000CDE9062300220023EDF78EFE00289CD0FB
:102DB000CEE70B9A002A00F0E3800A9A012A00F37A
:102DC000C280149A002A00F0BA8003F23343099DAE
:102DD0003E46089A01211A4448461F44089200F0D2
:102DE000C1FF044656B1089B002B07DDB342089A89
:102DF000A8BF3346FF1AF61AD31A0893099B0BB3E0
:102E00000B9B002B00F0C380002D00F0BD802146FD
:102E10002A46484601F066F8019A014604464846AB
:102E200000F0B6FF01998246484600F09DFE099BDE
:102E30005B1B099300F0AE80099A5146484601F0A9
:102E400051F801900121484600F08CFF0D9B05468A
:102E5000002B00F0D7811A460146484601F042F89F
:102E60000A9B012B054600F39D800E9B002B40F032
:102E700094800F9BC3F31303002B40F08E800F9BB5
:102E800023F000431B0D1B05002B00F08980089BDD
:102E90000133013708934FF0010A0D9B002B00F01E
:102EA000B7812B6905EB8303186900F00FFFC0F1B0
:102EB0002000089B184410F01F007ED0C0F12003B2
:102EC000042B72DD089BC0F11C0003440744064438
:102ED0000893002F05DD01993A46484601F05EF857
:102EE0000190089B002B05DD29461A46484601F053
:102EF00055F80546129B002B61D00198294601F038
:102F0000BBF800285BDA08F1FF3302930199002334
:102F10000A22484600F04AFE0B9B0190002B00F06D
:102F20007981002321460A22484600F03FFE059B96
:102F3000002B044672DC0A9B022B49DC6EE0169BD8
:102F4000C3F1360343E7049B5D1E099BAB420DDBD7
:102F50005D1B049B002BBFF63BAF049BFE1A0023B6
:102F600037E700BF0000E03F00002440099B0D9AB6
:102F70000995EB1A1A440D92049B3E46002528E75A
:102F8000099D0B9C3E462DE7DDF804A054E7099A05
:102F9000019953E7CDF804A054E74FF0000A7CE70D
:102FA0009A467AE74FF0000A7BE792D0089A1C33E2
:102FB0001A441F441E4408928BE70346F6E7049B1D
:102FC000CDF80880002B23DC05930A9B022B21DD22
:102FD000059B002B7FF4B0AD29460522484600F042
:102FE000E5FD01460546019801F046F800287FF707
:102FF000A3AD009E312306F8013B029B01330293EF
:103000009EE535462C46F4E7049DCDF80880F9E7A7
:10301000049B05930B9B002B00F00081002E05DD27
:1030200021463246484600F0B9FF0446BAF1000F87
:103030005AD06168484600F059FD064628B9824BCF
:10304000024640F2EF21FFF73EBB226902329200B6
:1030500004F10C010C30FFF760FA012231464846BA
:1030600000F09CFF0746009B009A03F1010B059BB3
:10307000134406930E9B03F0010308930BF1FF33F7
:10308000294601980493FFF77DFA2146059000F147
:10309000300A019800F0F0FF3A468046294648463B
:1030A00001F006F8C268064602BB0146019800F02E
:1030B000E3FF024631464846099200F055FDDDE93E
:1030C000092342EA0301089B19435E4610D1BAF175
:1030D000390F2BD0B8F1000F02DD059B03F1310A47
:1030E000049B83F800A02DE52746BCE70122E1E719
:1030F000B8F1000F06DB0A9B48EA0308089B58EA70
:10310000030820D1002AEBDD01990122484600F096
:1031100045FF2946019000F0AFFF002803DCDFD116
:103120001AF0010FDCD0BAF1390FD6D1049A392345
:10313000137033461E46013B16F8012C392A52D033
:1031400001321A70FEE4002A07DDBAF1390FEDD022
:10315000049A0AF101031370F4E4069B0BF801AC26
:103160005B452AD0019900230A22484600F01EFD43
:10317000BC4201904FF000034FF00A02214648463E
:1031800006D100F013FD044607460BF1010B75E76D
:1031900000F00CFD3946044600230A22484600F0A0
:1031A00005FD0746F1E7059B5E1E002B009BD8BF7F
:1031B00000265A1C2746164400240199012248463D
:1031C00000F0ECFE2946019000F056FF0028B0DC2C
:1031D00002D11AF0010FACD133461E4613F8012D6F
:1031E000302AFAD0AEE4009A9A42A3D1029B01336E
:1031F00002933123AFE7239B002B7FF498AA134B54
:10320000FFF7B7BA0A9B012B7FF72FAEDDF834A08A
:1032100001204EE6059B002B7FF7D7AE009E01985C
:103220002946FFF7AFF900F1300A009B06F801AB21
:10323000F21A059B9342B6DD019900230A22484603
:1032400000F0B4FC0190EAE754620108EF61010864
:1032500038B50546002941D051F8043C0C1F002B1D
:10326000B8BFE41800F036FC1D4A136833B9636038
:1032700014602846BDE8384000F032BCA34208D9AB
:10328000206821188B4201BF19685B68091821600A
:10329000EDE71A465B680BB1A342FAD911685018E2
:1032A000A0420BD120680144501883421160E0D144
:1032B00018685B68536008441060DAE702D90C2391
:1032C0002B60D6E7206821188B4204BF19685B6821
:1032D000636004BF091821605460CAE738BD00BFAD
:1032E000F02800200369B3EB611F2DE9F0434FEA9A
:1032F000611200F1140445DD11F01F0104EB830697
:1033000004EB82050CD100F110072946B14234D3F9
:103310009B1A9B00EA1E964238BF0023234415E007
:1033200054F82270C1F12008CF4005F1040EA146E7
:103330007645F44615D89A1A9200043A0135AE4201
:1033400038BF0022A318A75007B104331A1BA342A9
:103350004FEAA20208BF0023026108BF4361BDE833
:10336000F083DCF800C00CFA08FC4CEA070749F8C7
:10337000047B5EF8047BCF40DAE751F804CB47F8D2
:1033800004CFC3E72346E1E7A0F13003092B02D8BD
:103390002038C0B27047A0F16103052B01D847382F
:1033A000F7E7A0F14103052B01D82738F1E700200A
:1033B000704700002DE9F04F85B08A4602930B68F4
:1033C000019090469C1CA14614F8010B3028FAD0BD
:1033D000A9EB0303A3F1020BFFF7D6FF0546002874
:1033E00068D1A04901224846FEF7A8FF07460028F9
:1033F00067D199F801002646FFF7C6FF002862D082
:10340000234618783028994603F10103F9D0FFF7D5
:10341000BBFFB0FA80F56D094FF0010B4A46164626
:1034200001323078FFF7B0FF0028F8D18D49012232
:103430003046FEF783FF00283FD144B9741C224672
:10344000164601323078FFF79FFF0028F8D1A41B01
:10345000A700337803F0DF03502B3ED173782B2B7A
:1034600033D02D2B34D0711C00240878FFF78CFF4B
:10347000431EDBB2182B30D8A0F1100211F8010F57
:10348000FFF782FF00F1FF3C5FFA8CFCBCF1180FE4
:103490004FF00A031ED904B152421744CAF8001073
:1034A000EDB1BBF1000F0CBF06250025284605B085
:1034B000BDE8F08F00252C46B0E7002CC7D1274689
:1034C000C7E74E462F460125C3E70024B11CCCE7D1
:1034D0000124FBE703FB0200CEE73146DEE7A6EB63
:1034E0000903013B2946072B0ADC019800F0FEFA8C
:1034F000044640B95C4B0246E4215C48FFF724F8DF
:1035000001315B10EFE700F1140A002355469B469A
:10351000B14537D345F804BBA5EB0A05AD102561CD
:10352000584600F0D3FB6D01D8F800602D1AB54263
:1035300054DDAD1B2946204600F06FFF814678B16F
:103540006B1E591103F01F025AF821104FF00109A8
:1035500009FA02F20A4203D04B4536DC4FF0020969
:1035600029462046FFF7BEFE2F44D8F80830BB425C
:1035700042DA0198214600F0F7FA0E9A0023136010
:10358000A32593E716F8012D2E2A12D0202B04D163
:1035900045F804BB4FF0000B5B4630780393FFF710
:1035A000F3FE039B00F00F0098404BEA000B04333E
:1035B000AEE7B145EAD82B49039301223046FEF726
:1035C000BDFE039B0028E1D1A2E7A91E204600F022
:1035D00024FF0028C2D04FF00309C1E709DA751BA8
:1035E000214601982A4600F0D9FC7F1B044600F1D1
:1035F000140A4FF00009B8E7D8F80450BD426FDD57
:10360000ED1BAE4234DCD8F80C30022B22D0032B59
:1036100024D0012B15D1AE4213D1012E0BD1029A29
:10362000D8F80430136001232361CAF800300E9BE0
:1036300062251C603AE7711E204600F0EEFE00286D
:10364000EDD10198214600F08FFA0E9A0023136005
:1036500050252BE70F9B002BF3D1E0E70F9B002BAE
:10366000DDD1EEE7046101085462010865620108DA
:103670006F1EB9F1000F30D127B13946204600F056
:10368000CCFE81467A1101235AF8222007F01F0749
:10369000BB4013422946204618BF49F00209FFF7F4
:1036A00021FED8F80470761B0225B9F1000F47D02F
:1036B000D8F80C30022B15D0032B17D0012B09D1D1
:1036C00019F0020F06D0DAF8003049EA030919F0C0
:1036D000010F0ED145F0100532E04FF00109D1E79E
:1036E0000125E2E70F9BC3F101030F930F9B002B12
:1036F000F0D0D4F810B004F114034FEA8B0A03EBB6
:103700008B014FF0000C184653F8042BB2F1FF3F29
:103710001BD001320260022D04F114033CD1D8F811
:103720000020013AB24209D17111012253F821302F
:1037300006F01F0602FA06F61E423AD145F02005B1
:103740000E9B1C60029B1F60B0E6994243F804CCBC
:10375000D9D8A3689B4517DB61680198013100F057
:10376000C5F9814618B91A4B02468421C5E622697B
:10377000023204F10C0192000C30FEF7CEFE21461D
:10378000019800F0F1F94C4623695A1C04EB8303BD
:10379000226101225A61BEE722695A450BDD0121EF
:1037A0002046FFF79FFDD8F808300137BB42FFF6EF
:1037B000E0AE0125C2E716F01F06FAD05344C6F169
:1037C000200653F8040C00F081FAB042E7DBF0E782
:1037D00054620108C2F10802920070B5C2F12006DD
:1037E0004368046803FA06F52C43D340046040F8AC
:1037F000043F8842F4D370BD30B50368013311F83B
:10380000014B14B90360012030BD13F8012BA2F164
:103810004105192D98BF2032A242F0D00020F3E7D5
:103820002DE9F04F0B6801685E1102EB860613F07C
:103830001F0387B018BF04360025371F8246904605
:10384000019346F8045CB9463C460295AB464A787B
:103850004B1C039342B3104605910492FFF794FD6D
:10386000002853D1049A0599202A18D8029B9B4519
:1038700013DD4C4506D2072D04DC2A464946204676
:10388000FFF7A8FF444554D90023A4F1040944F8E4
:10389000043CCDF808B04C461D460399D7E7292AC9
:1038A00059D10231CAF80010BBF1000F53D04C457A
:1038B00006D2072D04DC2A4649462046FFF78AFF38
:1038C000444538D9A8F10402234653F8041B42F8B2
:1038D000041F9F42F9D23B1B23F003030134033E34
:1038E000B44288BF002308F10402134400211A46A1
:1038F00004339F421160FAD23B681BB9474528D177
:1039000001233B60052007B0BDE8F08F0135082D8D
:103910000BF1010B06DD4445BFD9002344F8043CFC
:103920000125043C226800F00F0040EA02102060EC
:10393000B3E70825B1E7019B002BDDD0C3F12003DD
:103940004FF0FF32DA4056F8043C134046F8043C8E
:10395000D2E7043FD0E70420D5E70000024B014640
:10396000186800F025B800BFAC02002070B50F4EFB
:103970000C463168054611B900F0ACFF30602146B5
:10398000284600F0A7FF431C03D14FF0FF34204628
:1039900070BDC41C24F00304A042F8D0211A2846AC
:1039A00000F098FF0130F2D1EFE700BFEC280020D3
:1039B0002DE9F843CD1C25F0030508350C2D38BF43
:1039C0000C25002D064601DBA94204D90C233360E7
:1039D0000020BDE8F883DFF8D48000F07BF8D8F849
:1039E00000301C4644BB29463046FFF7BFFF431C4E
:1039F000044658D1D8F800402746002F43D1002C68
:103A00004BD023683946304604EB030900F062FFCF
:103A1000814542D121686D1A29463046FFF7A6FF3D
:103A200001303AD023682B442360D8F800305A681C
:103A300062BBC8F800700FE02268521B20D40B2A2A
:103A400017D96119A342256018BF5960636808BF80
:103A5000C8F8001062514B60304600F041F804F1A4
:103A60000B00231D20F00700C21A1CBF1B1AA35015
:103A7000AFE76268A3420CBFC8F800205A60EBE7CA
:103A800023466468AEE73C467F68B6E71A465B6843
:103A9000A342FBD100235360DEE70C2333603046A2
:103AA00000F01EF894E70560D6E700BFF02800207C
:103AB00082B001B901A942B14BB113780B60127801
:103AC000101E18BF012002B070471046FBE76FF0D0
:103AD0000100F8E70148FEF71EBD00BFE8280020FE
:103AE0000148FEF719BD00BFE828002070B5C46981
:103AF00005460E4684B91020FFF730FF0446E86102
:103B000028B90246164B17486B21FEF71DFD00230E
:103B1000C0E901330360C360E36853B92122042183
:103B2000284600F0EEFEEB69E060DB680BB9002090
:103B300070BD53F8260030B1026843F826200023F8
:103B4000C0E90333F4E7012101FA06F4621D920093
:103B5000284600F0D6FE0028E9D0C0E90164EEE76F
:103B60003A610108C562010870B5C66905460C4690
:103B700076B91020FFF7F2FE0246E86120B9094B42
:103B800009488F21FEF7E0FCC0E901660660C660C7
:103B90003CB1EB696268DB6853F82210216043F89E
:103BA000224070BD3A610108C56201082DE9F0416B
:103BB0000D6907460C461E4601F1140C0020DCF886
:103BC000003099B202FB01611E0C0B0C02FB0633A4
:103BD00089B2013001EB034185424CF8041B4FEAE6
:103BE0001346ECDC0EB3A368AB4219DC61683846BF
:103BF0000131FFF77BFF804628B902460C4B0D4888
:103C0000BA21FEF7A1FC2269023204F10C019200F4
:103C10000C30FEF782FC21463846FFF7A5FF4446EC
:103C200004EB850301355E6125612046BDE8F08126
:103C300054620108C56201082DE9F8430C46154697
:103C40001F4609220833064693FBF2F300210122A6
:103C50009A4209DB3046FFF749FF40B90246194B4B
:103C60001948D321FEF770FC52000131F0E7089BA0
:103C70004361092D4FF00103036116DD04F10908CA
:103C8000C1462C4419F8013B0146303B0A2230461C
:103C9000FFF78CFFA145F5D1A844A8F108042D1B1E
:103CA00063199F4204DCBDE8F8830A340925F6E76E
:103CB00014F8013B0146303B0A223046FFF776FFFD
:103CC000EEE700BF54620108C5620108B0F5803F0D
:103CD000034636BF030400201020B3F1807F3CBFB1
:103CE0001B020830B3F1805F3CBF1B010430B3F10D
:103CF000804F3CBF9B000230002B05DB13F0804F50
:103D000000F1010008BF202070470368024613F04D
:103D100007000BD0D90721D4980749BF5B089B083F
:103D2000012013605CBF13600220704799B209B98B
:103D30001B0C1020D9B209B908301B0A190704BF9F
:103D40001B090430990704BF9B080230D90703D42C
:103D50005B0800F1010003D013607047002070473A
:103D60002020704710B50C460121FFF7BFFE024628
:103D700028B9054B054840F24511FEF7E5FB012344
:103D80004461036110BD00BF54620108C5620108AF
:103D90002DE9F04FD1F81090D2F810A0D14585B0A0
:103DA0008846144604DB53460C46CA46904699465C
:103DB000A36861680AEB0906B342B8BF0131FFF797
:103DC00095FE30B90246454B45484FF4B171FEF7B8
:103DD000BBFB00F1140505EB86072B460022BB4216
:103DE0001FD304F1140C08F114010CEB8A0301EB4E
:103DF000890202921A1B153A22F0030215349C42E2
:103E000088BF00220192029A03918A420CD8002EA8
:103E100003DD57F8043D002B5DD0066105B0BDE819
:103E2000F08F43F8042BDAE7B1F800A0BAF1000FE5
:103E300024D0E046A9464FF0000E58F8042BD9F8DC
:103E400000401FFA82FBA4B20AFB0B444FEA124B5C
:103E5000D9F8002074444FEA124E0AFB0BE202EB41
:103E60001442A4B244EA0244434549F8044B4FEAE1
:103E7000124EE2D8019AAA18C2F804E0039AB2F8E6
:103E800002800431B8F1000F23D02A68E64691463B
:103E9000AA464FF0000BBEF8004008FB04B404EB48
:103EA000194492B242EA04424AF8042B5EF8042B09
:103EB000DAF800904FEA124B1FFA89F208FB0B2246
:103EC00002EB144273454FEA124BE4D8019C2C19C3
:103ED0006260043597E7013E99E700BF546201082C
:103EE000C56201082DE9F843174612F00302804627
:103EF0000D4607D0264C013A002354F82220FFF744
:103F000055FE0546BF103FD0D8F81C4094B910208C
:103F1000FFF724FD0446C8F81C0030B902461D4BCB
:103F20001D4840F2B311FEF70FFB0023C0E9013337
:103F30000360C360A66846B940F271214046FFF7AE
:103F400011FF0023A060064603602C464FF00009D5
:103F500007F001037F1053B1294632464046FFF770
:103F600017FF214605464046FFF7FEFD67B1306862
:103F700038B9324631464046FFF70AFF3060C0F894
:103F8000009006462C46E3E72846BDE8F88300BFCC
:103F9000846401083A610108C56201082DE9F84FFF
:103FA0000C464968236903EB6218A3680746154667
:103FB0004FEA621A08F101094B450BDB3846FFF75F
:103FC00095FD064648B90246294B2A484FF4EF7141
:103FD000FEF7BAFA01315B00EEE7002300F1140CA2
:103FE00000F110021946534535DB22692AEAEA7AC4
:103FF0000CEB8A0C04F1140315F01F0E614603EB61
:1040000082022CD0CEF1200A002518688B4600FAD7
:104010000EF02843CBF8000053F8045B9A4201F1FC
:10402000040125FA0AF5F0D8131B153B23F003030E
:1040300004F115018A4238BF00239C44CCF8045097
:1040400005B9C1463846C6F810902146FFF78CFDE9
:104050003046BDE8F88F42F8041F0133C3E753F838
:10406000045B0D609A4201F10401F8D8E9E700BF52
:1040700054620108C56201080A6903460069801A92
:1040800030B50ED11433143103EB820401EB8201FD
:1040900054F8045D51F8042D954203D005D24FF039
:1040A000FF3030BDA342F3D3FBE70120F9E7000066
:1040B0002DE9F74F8A460646114650461446FFF74B
:1040C000DBFF051E12D129463046FFF70FFD0246E1
:1040D00028B9414B40F237214048FEF735FA012319
:1040E000C0E90435104603B0BDE8F08FBCBF5346AD
:1040F000A2463046DAF80410BABF1C460125002556
:10410000FFF7F4FC024618B9334B40F24521E3E7D0
:10411000DAF810702669C5600AF1140904F1140E6A
:1041200000F114050AF1100309EB87080EEB86066F
:104130000193AB464FF0000C019B5EF8040B53F863
:1041400004AF01931FFA8AF3194683B2CB1A000C0D
:104150006344C0EB1A4000EB23409BB243EA0043A8
:1041600076454BF8043B4FEA204CE5D8331B153B12
:10417000153423F00303A64238BF0023E8184B444C
:104180001C1D04302646A5EB0905464506EB050E29
:104190000ED308F10301091B21F0030101339845F7
:1041A00038BF0021014451F8043D9BB1176199E7E4
:1041B00056F8041BE2464FEA11491CFA81FC5144AF
:1041C00009EB2C4989B241EA09414FEA294CCEF862
:1041D0000010DAE7013FE6E754620108C562010812
:1041E00082B08DED000B019A0F4B1340A3F1507379
:1041F000002B08DC5B42B3F1A07F4FEA235204DAC4
:104200004FF400231341002208E0A2F114031E2BF7
:10421000DABF4FF00042DA4001220023194610466F
:1042200041EC100B02B070470000F07F2DE9F04127
:10423000066900F1140808EB8606371F56F8042CAF
:104240001046FFF743FDC0F120030A280B601B490D
:1042500015DCC0F10B0C22FA0CF3B84543EA01055A
:1042600034BF56F8083C0023153002FA00F023FA58
:104270000CF303431C4645EC104BBDE8F081B845F8
:104280003ABF56F8083CA6F1080700230B3812D0B5
:10429000C0F1200123FA01F482402243474542F055
:1042A0007F558CBF57F8042C00228340CA4045F448
:1042B00040151343DEE742EA0105DBE70000F03F6B
:1042C0002DE9F7430F46012159EC108B1646FFF7F5
:1042D0000DFC044630B90246234B244840F20F310E
:1042E000FEF732F9C9F30A55C9F313030DB143F4CC
:1042F00080130193B8F1000323D068460093FFF7C1
:1043000004FD0099D8B1019AC0F1200302FA03F329
:104310000B43C24063610192019BA361002B0CBF60
:10432000012202222261A5B1A5F2334505443D6078
:10433000C0F135003060204603B0BDE8F083616114
:10434000EAE701A8FFF7E1FC019B6361203001224D
:10435000E8E704EB8203A0F2324038601869FFF707
:10436000B5FCC0EB4210E5E754620108C5620108E4
:104370002DE9F04F85B0CDE9001002A9FFF756FFF7
:10438000009803A955EC104BFFF750FF019B1969EA
:10439000009B1B69C91ADDE902329B1A5BEC10AB6A
:1043A00003EB4113002BCEBF2A46C3EB03335A461F
:1043B0002F46D946CCBF02EB035702EB03594B46BD
:1043C000524620463946ECF741FA41EC100B05B055
:1043D000BDE8F08F013970B549111469013102F15E
:1043E000140300EB810103EB8404051FA3420CD3EB
:1043F000A31A113B23F003031132944238BF002368
:1044000018440023884205D370BD53F8046B45F867
:10441000046FEBE740F8043BF4E700F11402006995
:104420004B11984210B511DB0ADD11F01F0107D0C6
:1044300052F8234024FA01F000FA01F18C420BD12A
:1044400002EB8303934203D8002010BD0346F7E735
:1044500053F8041D0029F5D00120F6E7034608466D
:1044600041B1FF2A04D98A221A604FF0FF30704709
:104470000A70012070472DE9F0478E681F46BE4242
:1044800082460C469046334653D8B1F90C0010F4DE
:10449000906F2BD065692368096905EB4505A3EB8F
:1044A000010905EBD5757B1C6D104B44AB422A46C8
:1044B00084BF1D462A46430527D511465046FFF7BF
:1044C00077FA064658B321694A46FEF726F8A389CB
:1044D00023F4906343F08003A381266165614E4419
:1044E000A5EB09052660A5603E463B461F462068B1
:1044F0003A46414600F0D4F9A3689B1BA3602368A9
:104500003B4423600020BDE8F087504600F00DFAE0
:1045100006460028E1D121695046FEF799FE0C239A
:10452000CAF80030A38943F04003A3814FF0FF3065
:10453000E9E73E46DBE700002DE9F0471F468B899F
:104540001B069CB006460D46144610D50B6973B980
:104550004021FFF72DFA2860286130B90C23336021
:104560004FF0FF301CB0BDE8F08740236B610023A3
:10457000099320238DF8293003973023654F8DF858
:104580002A304FF001082346994613F8012B0AB14F
:10459000252AF9D1B9EB040A0BD053462246294605
:1045A0003046FFF768FF013000F0A480099A5244BA
:1045B000099299F80030002B00F09C8000234FF006
:1045C000FF32CDE9052309F10109049307938DF822
:1045D00053301A934C464F4814F8011B0522EBF751
:1045E000F7FD049BD0B9D80644BF20228DF8532094
:1045F000190744BF2B228DF8532099F800202A2A4E
:1046000013D0079A4C4600204FF00A0C214611F8AF
:10461000013B303B092B49D968B913E0C01B08FAAC
:1046200000F018430490A146D4E7039A111D1268C4
:104630000391002A01DB079204E0524243F0020397
:104640000792049323782E2B0AD163782A2B32D138
:10465000039B1A1D1B68039243EAE373023405931C
:10466000DFF8C090217803224846EBF7B1FD38B15E
:10467000049BA0EB090040228240134301340493C1
:1046800014F8011B24488DF828100622EBF7A0FD32
:10469000002835D0214818BB039B073323F00703BC
:1046A00008330393099B034409936CE70CFB023224
:1046B0000C460120AAE700230134059319464FF068
:1046C0000A0C204610F8012B303A092A03D9002B96
:1046D000C6D00591C4E70CFB012104460123F0E795
:1046E00003AB00932A460E4B04A93046FDF738F978
:1046F000421CD7D1AB895B063FF532AF099831E751
:1047000003AB00932A46064B04A93046FDF7BEFBD7
:10471000EEE700BF1E630108286301086119010864
:104720007744010824630108B1F90C202DE9F04118
:10473000160705460C4651D44B68002B02DC0B6C67
:10474000002B49DDE66A002E46D0002312F4805289
:104750002F682B6031D0626DA389590705D5636836
:10476000D21A636B0BB1236CD21A0023E66A216A5A
:104770002846B047421CB4F90C3006D129681D29DF
:1047800046D8294ACA40D60742D500226260D904D9
:104790002269226004D5421C01D12B6803B96065EF
:1047A000616B2F60C1B104F14403994202D02846E5
:1047B000FEF74EFD002363630EE0216A01232846C5
:1047C000B0470246501CC7D12B68002BC4D01D2B0C
:1047D00001D0162B1AD12F6000201EE00F69002F88
:1047E000FAD093070E6808BF4B690F6018BF00230B
:1047F000A6EB07088B60B8F1000FEDDD216AA66A11
:1048000043463A462846B047002808DCB4F90C3045
:1048100043F04003A3814FF0FF30BDE8F08107442F
:10482000A8EB0008E7E700BF0100402038B50B699E
:1048300005460C4613B90025284638BD18B1036A51
:104840000BB9FDF7D7FCB4F90C30002BF3D0626E36
:10485000D00704D4990502D4A06DFDF75CFE28466C
:104860002146FFF761FF636EDA070546E4D4A389AA
:104870009B05E1D4A06DFDF74FFEDDE70EB403B557
:10488000014603AB054853F8042B0068019300F080
:10489000A3F802B05DF804EB03B07047AC0200204F
:1048A000884210B501EB020402D98442234607D89E
:1048B000431EA14207D011F8012B03F8012FF8E79E
:1048C0000244824200D110BD13F8011D02F8011DFF
:1048D000F7E7000038B5064D0023044608462B6074
:1048E000EFF72CF9431C02D12B6803B1236038BDCC
:1048F000E428002008B5062000F03CFA0120EFF77C
:10490000A5F870B5A1FB025434B92946FFF750F859
:10491000064628B9304670BD0C2202600026F9E731
:104920002A462146FDF702FDF4E72DE9F04107464E
:1049300014460D4621B9BDE8F0411146FFF738B8DD
:104940002AB9FEF785FC25462846BDE8F08100F02F
:104950002DFA8442064602D8B4EB500FF4D8214613
:104960003846FFF725F8804608B94546ECE7B442DB
:104970002246294628BF3246FDF7CFFD2946384654
:10498000FEF766FCF1E79368013B002B10B49360DF
:1049900008DA9469A34201DB0A2903D15DF8044BCC
:1049A00000F02EB91368581C1060197008465DF8A5
:1049B000044B7047F8B506460F461446D518AC426E
:1049C00001D1002007E014F8011B3A463046FFF7FA
:1049D000DAFF431CF3D1F8BD2DE9F0470D469CB03A
:1049E00014461F46064618B1036A0BB9FDF702FCD0
:1049F0006B6ED90705D4AB899A0502D4A86DFDF773
:104A00008AFDAB891B0701D52B699BB92946304626
:104A100000F034F970B16B6EDC0704D54FF0FF3055
:104A20001CB0BDE8F087AB899805F7D4A86DFDF7F9
:104A300073FDF3E70023099320238DF829300397B2
:104A400030236A4F8DF82A304FF0010823469946EB
:104A500013F8012B0AB1252AF9D1B9EB040A0BD0BE
:104A60005346224629463046FFF7A4FF013000F0A6
:104A7000A480099A5244099299F80030002B00F062
:104A80009C8000234FF0FF32CDE9052309F1010995
:104A9000049307938DF853301A934C46534814F8F7
:104AA000011B0522EBF794FB049BD0B9D90644BF48
:104AB00020228DF853201A0744BF2B228DF8532053
:104AC00099F800202A2A13D0079A4C4600204FF06C
:104AD0000A0C214611F8013B303B092B49D968B932
:104AE00013E0C01B08FA00F018430490A146D4E775
:104AF000039A111D12680391002A01DB079204E05A
:104B0000524243F002030792049323782E2B0AD1DA
:104B100063782A2B32D1039B1A1D1B68039243EA48
:104B2000E37302340593DFF8D490217803224846DA
:104B3000EBF74EFB38B1049BA0EB0900402282400A
:104B400013430134049314F8011B29488DF82810ED
:104B50000622EBF73DFB00283ED0264818BB039BFE
:104B6000073323F0070308330393099B0344099396
:104B70006CE70CFB02320C460120AAE7002301344B
:104B8000059319464FF00A0C204610F8012B303AD5
:104B9000092A03D9002BC6D00591C4E70CFB0121DB
:104BA00004460123F0E703AB00932A46124B04A905
:104BB0003046FCF7D5FE431CD7D16B6ED90705D420
:104BC000AB899A0502D4A86DFDF7A6FCAB895B06FC
:104BD0003FF524AF099823E703AB00932A46064B21
:104BE00004A93046FDF752F9E5E700BF1E6301084E
:104BF0002863010861190108B54901082463010807
:104C0000F8B50E461446054618B1036A0BB9FDF710
:104C1000F1FAA369A360A3891A0701D5236943B9EF
:104C20002146284600F02AF818B14FF0FF373846E1
:104C3000F8BD23682269981A6369F6B28342374641
:104C400005DC21462846FFF7F1FD0028EDD1A368D9
:104C5000013BA36023685A1C22601E706269431CDA
:104C60009A4204D0A389DB07E1D50A2EDFD1214681
:104C70002846FFF7DBFD0028D9D0D6E738B5284B0A
:104C8000054618680C4618B1036A0BB9FDF7B2FA6D
:104C9000B4F90C301A0721D4D80607D409222A60A7
:104CA00043F04003A3814FF0FF3030E0590712D5A5
:104CB000616B41B104F14403994202D02846FEF7EA
:104CC000C7FA002363630022B4F90C3062602269E2
:104CD000226023F0240343F00803A38122693AB938
:104CE0009A0501D5180603D52146284600F08AF812
:104CF000B4F90C3013F001020AD00022A2606269FC
:104D00005242A261226942B913F08000C8D138BD75
:104D1000990758BF6269A260F4E70020F7E700BF77
:104D2000AC0200201F2938B505460C4604D91623CD
:104D300003604FF0FF3038BDC26B12B152F8213022
:104D40004BB9284600F030F8224601462846BDE817
:104D5000384000F017B8012B0AD0591C03D1162394
:104D600003600120E7E7002142F82410204698471D
:104D70000020E0E7024B01461868FFF7D3BF00BFF1
:104D8000AC02002038B5074D002304460846114602
:104D90002B60EEF74BFE431C02D12B6803B123605E
:104DA00038BD00BFE4280020EEF738BE51F8043CBF
:104DB000181F002BBCBF0B58C018704770B50C46AD
:104DC000B1F90E10002996B015461E460ADAA189DF
:104DD00011F0800113D14FF48062002031602A600D
:104DE00016B070BD6A4600F047F80028EFDB019965
:104DF00001F47041A1F5005359425941EBE70021FC
:104E00004022EAE78B8973B59E0705460C4607D515
:104E100004F14703236023610123636102B070BD85
:104E200001AB6A46FFF7CAFF009E28463146FEF7EF
:104E3000BFFDB4F90C3038B99A05EFD423F0030361
:104E400043F00203A381E3E743F08003A381019BC6
:104E50002060C4E90406002BE0D0B4F90E10284607
:104E600000F01CF80028D9D0A38923F0030343F0F5
:104E70000103A381D2E7000038B5074D00230446A3
:104E8000084611462B60EEF731FE431C02D12B6819
:104E900003B1236038BD00BFE428002038B5064DBB
:104EA0000023044608462B60EEF730FE431C02D177
:104EB0002B6803B1236038BDE428002000F094B9CA
:104EC00038B52DED028B55EC104B00F095F82246CD
:104ED0002B4620462946B0EE408AF0EE608AEBF77A
:104EE00025FE30B90022002320462946EBF7F6FDC7
:104EF00030B9B0EE480AF0EE680ABDEC028B38BD5E
:104F0000FDF7DEFA00220023212101601046194638
:104F1000EBF79CFC41EC180BB0EE480AF0EE680A87
:104F2000BDEC028B38BD00BF08B52DED048BB0EE93
:104F3000608AB0EE409A00F0E3FBB4EE488AF1EEEE
:104F400010FAF0EE408A0BD6B5EE409AF1EE10FA68
:104F500017D1B5EE408AF1EE10FA06D1F7EE008ACD
:104F6000B0EE680ABDEC048B08BDB0EE480A00F054
:104F700039F80028F4D0B5EEC08AF1EE10FAEFD57A
:104F800025E000F02FF888B1F5EE408AF1EE10FA36
:104F9000E6D1B0EE490A00F025F80028E0D0B0EEE6
:104FA000480A00F01FF80028DAD010E0B0EE490AF5
:104FB00000F018F80028E7D0B0EE480A00F012F828
:104FC0000028E1D0F4EE688AF1EE10FA04D6FDF77D
:104FD00077FA22230360C3E7FDF772FA2123036007
:104FE000BEE700BF10EE103A23F00040B0F1FF4FD3
:104FF0002CBF0020012070472DE9F84F774955EC70
:10500000104BA94300F0AE80002D2A46234655DD03
:105010002C1562D0C2F31302E107A4F2FF3742F469
:10502000801203D4520002EBD3725B0052000026C0
:1050300002EBD3727F105B001624B4464FF40011CC
:105040000CEB010090424FEAD3754FEA430303DCB7
:1050500000EB010C121A0E44013C05EB42024FEA30
:105060005101EDD1A04620254FF000400AE043D089
:10507000510001EBD371013D0A464FEA43034FEA69
:10508000500045D0624500EB080EF0DDBEF1000F88
:105090000EEB00080CDBE146A2EB0C019E4588BF3D
:1050A00001F1FF314900CC46A3EB0E030444E0E7D5
:1050B000B8F1000FEFDB0CF10109EDE725F000413D
:1050C000214346D0002D74D1D90A153A5B05002939
:1050D000FAD0CE0214467DD40A4600215200D502F1
:1050E000084601F10101F9D5C1F1200523FA05F5C2
:1050F0002A438B40241A8DE79E4502D94FEA4C0182
:10510000B7E7BEF1000F0EEB000824DB0021CBE770
:10511000194312D0DFF8C8A0DFF8C8B0DAE90001FF
:10512000DBE90023EBF7B0F8DAE9008902460B4629
:1051300040464946EBF7DCFC10BB6508711001F1F5
:105140007F5101F5001101EB075345EAC67243ECAC
:10515000102BBDE8F88FB8F1000FD7DB0CF1010C74
:105160000021A1E722462B4620462946EBF744FAC8
:1051700022462B46EBF78AF841EC100BBDE8F88F7E
:10518000B4F1FF3FDAE90001DBE900231ED0EBF7C1
:105190007DF8DAE9008902460B4640464946EBF7BE
:1051A0009DFCA8B1A31C04F1020508BF01366D08DF
:1051B000C4E722462B4620462946EBF765F802460F
:1051C0000B46EBF743FB41EC100BC2E70136B5E7AA
:1051D0000134B2E74FF0FF300A468BE70000F07F62
:1051E000886501088065010851EC110B43422DE9E7
:1051F000F0470343644E21F0004E4EEAD373B342AE
:1052000055EC104B40D86342234325F0004A4AEA4C
:10521000D373B342A046A94636D801F1404303F503
:105220008013034302463ED08F1707F0020758EA67
:105230000A0847EAD5772FD052EA0E0237D0B64592
:1052400044D0B24533D0AAEB0E0ABAF1747F4FEACC
:105250002A5338DA002945DA3C3343DA9FED3C0B18
:10526000012F5DD0022F4AD0A7B151EC100B3AA309
:10527000D3E90023EBF708F839A3D3E90023EBF7D0
:1052800003F841EC100B05E022462B46EAF7FEFF3F
:1052900041EC100BBDE8F087022F0ED0032FF9D19F
:1052A0009FED310BF6E7BDE8F04700F075B8B9F1B6
:1052B000000F05DB9FED2E0BECE79FED290BE9E7D7
:1052C0009FED2D0BE6E79FED2A0BC9E7F24507F1AD
:1052D000FF372ED0022F34D82C4B03EBC70393EDAE
:1052E000000BD7E702460B4620462946EBF7AEFAFD
:1052F00041EC100B00F0FCF900F04EF8B0E716A3FB
:10530000D3E9002351EC100BEAF7BEFF02460B462F
:1053100013A1D1E90001EAF7B7FF41EC100BB9E79F
:1053200010EE901A53EC102B01F1004343EC102BBC
:10533000B0E7022F08D8164B03EBC70393ED000B21
:10534000A8E79FED030BA5E79FED0D0BA2E700BFBC
:105350000000000000000000075C143326A6A13CFA
:10536000182D4454FB210940182D4454FB2109C039
:10537000182D4454FB21F93F182D4454FB21F9BF4B
:10538000182D4454FB21E93F0000F07F906501088F
:10539000A8650108000000002DE9F84F55EC104BFE
:1053A000C94B25F000469E42AA460DD9C74B9E42E6
:1053B00000F2B68000F0B180BAF1000F40F3F68041
:1053C0009FEDA50BBDE8F88FC14B9E4200F2C38054
:1053D000A3F1DE739E4240F2AD804FF0FF3B2246C8
:1053E0002B4620462946EBF707F902460B46804636
:1053F0008946EBF701F99AA3D3E9002306460F4645
:10540000EBF7FAF898A3D3E90023EAF73FFF324617
:105410003B46EBF7F1F896A3D3E90023EAF736FF12
:1054200032463B46EBF7E8F893A3D3E90023EAF7CB
:105430002DFF32463B46EBF7DFF891A3D3E900237B
:10544000EAF724FF32463B46EBF7D6F88EA3D3E9C2
:105450000023EAF71BFF42464B46EBF7CDF88CA33F
:10546000D3E900238046894630463946EBF7C4F835
:1054700089A3D3E90023EAF707FF32463B46EBF75F
:10548000BBF887A3D3E90023EAF7FEFE32463B468A
:10549000EBF7B2F884A3D3E90023EAF7F5FE32462E
:1054A0003B46EBF7A9F882A3D3E90023EAF7ECFE29
:1054B00032463B46EBF7A0F802460B4640464946CB
:1054C000EAF7E4FE22462B46EBF796F8BBF1FF3FE6
:1054D00002460B466ED07F4B7F4E03EBCB03D3E9E6
:1054E0000023EAF7D1FE22462B46EAF7CDFE06EB73
:1054F000CB0602460B46D6E90001EAF7C5FEBAF133
:10550000000F41EC100B13DA10EE901A024601F175
:10551000004343EC102BBDE8F88F002C3FF44CAF58
:1055200022462B4620462946EAF7B0FE41EC100BF6
:10553000BDE8F88F60A3D3E9002320462946EAF7A7
:10554000A5FE664B0022EBF7E7FA00283FF445AFD3
:1055500045EC104BECE700F0CBF8614B9E4255EC6C
:10556000104B2FD8A3F550239E4258D822462B46E5
:1055700020462946EAF78AFE584B0022EAF784FEC5
:1055800002460B462046294614461D4600224FF08F
:105590008043EAF77BFE02460B4620462946EBF79E
:1055A00055F94FF0000B04460D4618E79FED440BEC
:1055B000BDE8F88F20462946EAF766FE41EC100B5D
:1055C000BDE8F88F474B9E421ED2474B0022204633
:1055D0002946EAF759FE02460B462046294614465C
:1055E0001D460022404BEBF707F83C4B0022EAF740
:1055F0004DFE02460B4620462946EBF727F94FF0B1
:10560000020B04460D46EAE622462B4637490020A7
:10561000EBF71CF94FF0030B04460D46DFE62F4B6A
:10562000002220462946EAF72FFE02460B46204676
:10563000294614461D460022284BEAF727FE02465B
:105640000B4620462946EBF701F94FF0010B0446C3
:105650000D46C4E6AFF30080182D4454FB21F93FFA
:1056600011DA22E33AAD903FEB0D76244B7BA93F54
:10567000513DD0A0660DB13F6E204CC5CD45B73F22
:10568000FF8300922449C23F0D5555555555D53FCE
:105690002F6C6A2C44B4A2BF9AFDDE522DDEAD3FC2
:1056A0006D9A74AFF2B0B33F711623FEC671BC3F62
:1056B000C4EB98999999C93F9C7500883CE4377E62
:1056C000182D4454FB21F9BFFFFF0F440000F07F69
:1056D000FFFFDB3FC0650108E06501080000F03F07
:1056E000FFFFF23F008003400000F83F0000F0BFE2
:1056F00051EC100B024621F0004343EC102B704795
:105700002DE9F0432DED028B83B0CDED010A8DED37
:10571000000ADDE9004535F0004610D184F480042C
:10572000640014F5000F18D9DDED007A9DED017AC3
:1057300037EE870A03B0BDEC028BBDE8F08324F09E
:105740000047B7F1FF4F0FD9B4F17E5FECD185F47C
:1057500080056D0015F5000FE6D8B7EE000A03B01E
:10576000BDEC028BBDE8F083B6F1FF4FECD8002C06
:10577000B84616DBB6F1FF4F00F0F680B6F17E5F5B
:1057800000F01D81B5F1804F00F04C81B5F17C5FD8
:1057900040F0348103B0BDEC028BBDE8F04300F073
:1057A000ABBBB6F1974F80F0E980B6F17E5F80F039
:1057B0001581B5F1804F00F03581B5F17C5F00F0C7
:1057C000348200F0F9FAB7F1FF4F4FF0000900F012
:1057D000E080002F00F01C81B7F17E5F00F018819F
:1057E000E20F013A59EA020300F02181B6F19A4F23
:1057F00040F24481914B9F4240F25882904B9F422D
:1058000000F26182F7EE007A30EE670A9FED8D6A52
:105810009FED8D7ADFED8D5AF5EE007AA0EE676A86
:10582000F6EE006AE6EE406A60EE007A9FED886A66
:1058300067EEA67A27EE677AA0EE257AF0EE476A41
:10584000E0EE066A16EE903A6FF30B0306EE903A1E
:10585000F0EE667AE0EE467A37EE677A6FF30B0584
:1058600007EE905A9DED016ADDED015A36EE676A4A
:1058700027EE257A66EEA77AA6EE267A09F1FF3999
:1058800059EA0209BFEE008A77EE276AB7EE006A8E
:1058900016EE903A18BFB0EE468A002B23F0004275
:1058A00040F3D381B2F1864F00F2528200F036828B
:1058B000B2F17C5F00F21A82002210466FF30E03F1
:1058C00006EE103ADFED636ADFED633A9FED634A5F
:1058D0009FED632ADFED634A9FED635ADFED635A64
:1058E00076EE677AB0EE003A37EE677A66EE267AA1
:1058F000DFED5F6AE7EE267AB7EE000AB0EE677A70
:10590000A6EE237A67EE076AF0EE472AE6EE632AF0
:10591000B0EE446AA6EE826A77EEE27AE6EE264AB6
:10592000B0EE456AA4EEA66AE7EE277AE6EE265ABE
:10593000B0EE476AA5EEE66A67EE065A36EE436AAF
:10594000C5EE866A76EEE77A77EEC77A30EE670ABA
:1059500010EE103A1344B3F5000FC0F2B18100EE1F
:10596000103A20EE080AE5E6B7F17E5F3FF4F5AEA7
:105970002DD9002D28DB9DED010ADBE6B6F1FF4FA6
:10598000F2D000F019FAB7F1FF4F4FF002097FF49F
:1059900020AF002D06DAF7EE007A87EE800A002CA1
:1059A000BFF6C8AEA7F17E5757EA090700F0258178
:1059B000B9F1010F7FF4BEAEB1EE400ABAE6002D98
:1059C00029DB9DED000AB5E69FED2A0AB2E6002D1F
:1059D000FADADDED017AB1EE670AABE6F315C3F151
:1059E000960346FA03F202FA03F3B34200F00A8187
:1059F000B6F17E5FE3D0B5F1804F13D09DED000A84
:105A000000F0DAF9B7F1FF4F4FF000097FF4E1AE93
:105A1000002DC0DBC3E79DED007AF7EE007A87EE3C
:105A2000870A87E6DDED007A27EEA70A82E6DDED3C
:105A3000007A77EEE77A87EEA70A7BE6F3FF7F3FEF
:105A40000700803FABAAAA3E3BAAB83F70A5EC3640
:105A500000AAB83F8CBEBF350072313F0EEADDB5FB
:105A60004CBB313355B38A38610B36BBABAA2A3EE7
:105A70001872313F000000000000804B14F0FF4F0F
:105A800040F012815FED047A60EE277A6FF0170123
:105A900017EE908AB6484FEAE853C8F316087F3BE2
:105AA00080450B4448F07E5140F3F680B148804574
:105AB00040F31381DFEDB04A0133F0EE643AA1F513
:105AC0000001F7EE005A002006EE901A76EEA57A55
:105AD000B7EE007A87EE278A07EE903AA74BDFED04
:105AE000A81A9FEDA80ADFEDA80A9FEDA81A9FED5E
:105AF000A85A9FEDA82A03EA610343F0005303F577
:105B00008003034436EEE56AB8EEE77A07EE903A92
:105B100066EE082A77EEE55A12EE903A36EEE54A3E
:105B200062EEA26AF0EE605AA6EEA10A6FF30B03D2
:105B3000B0EE083AE0EE265ADFED971AA5EEA61A67
:105B4000F0EE455AE1EE265AB0EE435AA5EEA62AEB
:105B500066EEA65A06EE903AA6EEE76A72EEA67ACE
:105B6000A6EEC46AA6EEA65A26EE086A9FED8B1A28
:105B70009FED8B4A67EE867AE5EE827A75EE275ABC
:105B800015EE903A6FF30B0305EE903A35EEC35ADB
:105B9000A6EEE65A77EEC57A67EEA27AE6EE257AA9
:105BA000B0EE676AA6EEA56A16EE103A6FF30B0325
:105BB00006EE103AB0EE465AA6EEE55A77EEC57AF2
:105BC00067EEA17AE6EE017A77EEA37AF0EE676AE5
:105BD000E6EE046A76EEA46A76EE876A16EE903AEE
:105BE0006FF30B0306EE903A36EEC77A37EE647A1F
:105BF000A6EE447A37EEC77A30E670EE407A87EE4A
:105C0000A70A97E5B6F17E5F3FF4D9AEB5F1804FB4
:105C10003FF408AF02F00102C2F1020900F0CCF833
:105C2000B7F1FF4F7FF4D5ADB3E600F0C5F8B7F19B
:105C3000FF4F3FF47FAD002F3FF47CADB7F17E5FA7
:105C40007FF4F5AE4FF00009ACE656498A4200F207
:105C500087807FF42DAE76EEE76AF4EEC76AF1EE48
:105C600010FA7DDA03F500434F4AC3F3C7517F3979
:105C7000C3F316000A4140F40000C1F117011A40B5
:105C80000841404206EE902A77EEE67AC20577EEAA
:105C9000276A16EE903A11E6DFED374AF7EE005A22
:105CA000F0EE643A00200FE70021F3E6002D0CDB54
:105CB000002003B0BDEC028BBDE8F04300F010B94A
:105CC00000F082F84DE6002DF2DD002003B0BDECBF
:105CD000028BBDE8F04300F009B9DFED344ADFED97
:105CE000343AF7EE085A4FF40010EDE6D2157E3A3A
:105CF0004FF40001114119442B4AC1F3C7547F3CB2
:105D0000C1F31600224140F40000C4F11704002B37
:105D100040FA04F002EA0102B4DAB2E79FED256A24
:105D200076EEE76A37EE066AB4EEE66AF1EE10FA4E
:105D30000EDC03F500431C4AD9157F39C3F3160066
:105D40000A4140F40000C1F117011A40084199E7E7
:105D5000B5EEC08AF1EE10FA4CBF01200020B5E785
:105D6000B5EEC08AF1EE10FA4CBF01200020A0E78A
:105D700071C41C00D6B35D000000000000F0FFDF1E
:105D800042F1533E55326C3E05A38B3EABAAAA3E70
:105D9000B76DDB3E9A99193F4F38763FC623F6B868
:105DA0000040763F00001643000080FF00C0153F12
:105DB000DCCFD1353CAA383310EE103A23F0004343
:105DC00000EE103A704700BF10EE103A33F0004179
:105DD0001A4625D0B1F1FF4F1FD213F0FF4F20D14B
:105DE000DFED297A294A60EE277A904217EE903A41
:105DF00031DB4CF2503CC3F3C75160451A46A1F168
:105E0000190114DD002BDFED227A9FED210AB8BFC6
:105E1000DFED207A27EE800A704730EE000A7047E7
:105E200070474CF2503C60454FEAD151EADC0144E6
:105E3000FE29E7DC002915DC11F1160F19DB1931F9
:105E400022F0FF4242EAC15207EE902A9FED120A69
:105E500027EE800A7047DFED117A07EE103A27EE41
:105E6000270A704722F0FF4242EAC15300EE103A7F
:105E70007047002BDFED097A9FED080AB8BFDFED10
:105E8000087A27EE800A70470000004CB03CFFFF04
:105E9000CAF24971CAF249F1000000336042A20D12
:105EA0006042A28D10B52DED028BB0EE408A044603
:105EB000FCF706FBB0EE480ABDEC028B046010BD97
:105EC00030B1F1EE407A27EE800A2220FFF7EABFD8
:105ED000F0EE407A27EE800A2220FFF7E3BF00BFF2
:105EE0009FED010AFFF7ECBF000000109FED010AD3
:105EF000FFF7E6BF00000070B1EEC00A704700BFB8
:105F0000F8B500BFF8BC08BC9E467047F8B500BFA6
:085F1000F8BC08BC9E46704776
:105F1800526F6C6C3A20252E3166207C20506974B3
:105F280063683A20252E3166207C205961773A2013
:105F3800252E31660D0A00004348315F526F6C6CA4
:105F48003A20253464207C204348325F50697463CA
:105F5800683A20253464207C204348335F546872B3
:105F68003A20253464207C204348345F5961773ACD
:105F780020253464207C2050574D3A202534640D68
:105F88000A00000024474E47474100002447504775
:105F9800474100002C0000000D0A3D3D3D3D3D20DD
:105FA8004D41472043414C494220444F4E45202D06
:105FB80020434F5059203420444F4E472044554FDA
:105FC8004920444159203D3D3D3D3D0D0A737461D2
:105FD80074696320666C6F6174206D61675F6F66BA
:105FE800667365745F78203D20252E3666663B0D06
:105FF8000A73746174696320666C6F6174206D61E3
:10600800675F6F66667365745F79203D20252E365D
:1060180066663B0D0A73746174696320666C6F6110
:1060280074206D61675F7363616C655F7820203DE4
:1060380020252E3666663B0D0A73746174696320E9
:10604800666C6F6174206D61675F7363616C655F17
:106058007920203D20252E3666663B0D0A3D3D3DC4
:106068003D3D3D3D3D3D3D3D3D3D3D3D3D3D3D3D58
:106078003D3D3D3D3D3D3D3D3D3D3D3D3D3D3D3D48
:106088003D3D3D3D3D3D3D3D3D3D3D3D3D3D3D0D68
:106098000A00000053544D333220566972747561FA
:1060A8006C20436F6D506F727400000053544D693B
:1060B80063726F656C656374726F6E6963730000F9
:1060C80043444320436F6E6669670000434443209E
:1060D800496E746572666163650000000000000027
:1060E8000000000001020304060708090000000080
:1060F8000102030400061016000610162E00494E71
:106108004600696E66004E414E006E616E003000BA
:1061180030313233343536373839414243444546D5
:10612800003031323334353637383961626364656B
:1061380066005245454E54206D616C6C6F63207348
:106148007563636565646564002F6275696C642FA7
:10615800676E752D746F6F6C732D666F722D737407
:106168006D33325F31342E332E72656C312E3230FE
:106178003235313032372D303730302F7372632F4C
:106188006E65776C69622F6E65776C69622F6C69D2
:1061980062632F737472696E672F737472746F6B96
:1061A8002E63004300504F534958002C2066756EEB
:1061B8006374696F6E3A2000617373657274696FF6
:1061C8006E2022257322206661696C65643A206618
:1061D800696C6520222573222C206C696E65202548
:1061E80064257325730A00496E66696E69747900BF
:1061F8004E614E002F6275696C642F676E752D7441
:106208006F6F6C732D666F722D73746D33325F31DF
:10621800342E332E72656C312E32303235313032B5
:10622800372D303730302F7372632F6E65776C6976
:10623800622F6E65776C69622F6C6962632F737465
:10624800646C69622F64746F612E630042616C6CC8
:106258006F6320737563636565646564002F627599
:10626800696C642F676E752D746F6F6C732D666F14
:10627800722D73746D33325F31342E332E72656C28
:10628800312E32303235313032372D303730302FF1
:106298007372632F6E65776C69622F6E65776C69B0
:1062A800622F6C6962632F7374646C69622F676410
:1062B800746F612D6765746865782E63002F627549
:1062C800696C642F676E752D746F6F6C732D666FB4
:1062D800722D73746D33325F31342E332E72656CC8
:1062E800312E32303235313032372D303730302F91
:1062F8007372632F6E65776C69622F6E65776C6950
:10630800622F6C6962632F7374646C69622F6D709D
:106318007265632E6300232D302B2000686C4C00BF
:10632800656667454647000034000000CEFBFFFF66
:10633800CB03000001000000000000003500000051
:10634800CEFBFFFFCB0300000100000000000000AF
:10635800BC89D897B2D29C3C33A7A8D523F6493933
:106368003DA7F444FD0FA5329D978CCF08BA5B2555
:10637800436FAC64280668110020202020202020CC
:1063880020202828282828202020202020202020DD
:1063980020202020202020202088101010101010ED
:1063A8001010101010101010100404040404040439
:1063B80004040410101010101010414141414141D3
:1063C80001010101010101010101010101010101B5
:1063D80001010101101010101010424242424242C5
:1063E8000202020202020202020202020202020285
:1063F800020202021010101020000000000000002D
:106408000000000000000000000000000000000084
:106418000000000000000000000000000000000074
:106428000000000000000000000000000000000064
:106438000000000000000000000000000000000054
:106448000000000000000000000000000000000044
:106458000000000000000000000000000000000034
:106468000000000000000000000000000000000024
:10647800000000000000000000000000050000000F
:10648800190000007D0000000080E03779C3414317
:10649800176E05B5B5B89346F5F93FE9034F384D82
:1064A800321D30F94877825A3CBF737FDD4F15752E
:1064B800000000000000F03F000000000000244041
:1064C80000000000000059400000000000408F401C
:1064D800000000000088C34000000000006AF84087
:1064E8000000000080842E4100000000D0126341AB
:1064F8000000000084D797410000000065CDCD4121
:10650800000000205FA00242000000E87648374201
:10651800000000A2941A6D42000040E59C30A2429F
:106528000000901EC4BCD64200003426F56B0C4314
:106538000080E03779C3414300A0D88557347643BB
:1065480000C84E676DC1AB43003D9160E458E1431C
:10655800408CB5781DAF154450EFE2D6E41A4B4491
:1065680092D54D06CFF08044F64AE1C7022DB544D6
:10657800B49DD9794378EA4459F3F8C21F6EA5014E
:10658800000000000000F03F000000000000008054
:10659800182D4454FB210940182D4454FB2109C0EF
:1065A800182D4454FB21E9BFD221337F7CD9024006
:1065B800D221337F7CD902C0E2652F227F2B7A3C1F
:1065C800075C143326A6813CBDCBF07A8807703C63
:1065D800075C143326A6913C4FBB610567ACDD3FD1
:1065E800182D4454FB21E93F9BF681D20B73EF3FF2
:0865F800182D4454FB21F93F6A
:08660000D09BFE7F01000000A9
:04660800B5010008D0
:04660C0091010008F0
:1066100000000041000040400000004100004040F8
:1066200000004040E803E803E803E803DC05DC057C
:10663000E803DC05010000000000803F0000803F0F
:106640000000803F010000000024F4001000000062
:10665000010000000A0600020000004001000000E6
:10666000E9E00008D9E20008DDE3000800000000CE
:1066700003E7000895E5000893E600080000000025
:106680000000000000000000E9E7000879E70008CA
:1066900059E80008C9E8000809024300020100C0E7
:1066A0003209040000010202010005240010010566
:1066B00024010001042402020524060001070582CA
:1066C0000308001009040100020A00000007050188
:1066D00002400000070581024000008101820000A5
:1066E0002901010851010108610101081D02010889
:1066F00091020108B5020108D90201083903010815
:10670000FD0201086103010885030108C1030108B6
:1067100012010002020200408304405700020102FD
:1067200003010000040309041A0300000000000034
:106730000000000000000000000000000000000059
:10674000000000000000000003000000A827002057
:1067500043000000000000000000000000000000F6
:106760000000000000000000000000000000000029
:1067700043000000000000000000000000000000D6
:106780000000000000000000000000000000000009
:1067900043000000000000000000000000000000B6
:1067A00000000000000000000000000000000000E9
:1067B0004300000000000000000000000000000096
:1067C00000000000000000000000000000000000C9
:1067D0004300000000000000000000000000000076
:1067E00000000000000000000000000000000000A9
:1067F0004300000000000000000000000000000056
:106800000000000000000000000000000000000088
:106810004300000000000000000000000000000035
:106820000000000000000000000000000000000068
:106830005D440108B13A01080000000080630108CE
:1068400004610108EE610108EE610108EE610108D2
:10685000EE610108EE610108EE610108EE610108D8
:10686000EE610108EE610108FFFFFFFFFFFFFFFF80
:10687000FFFFFFFFFFFF00000100415343494900B4
:106880000000000000000000000000000000000008
:10689000000000000000000000004153434949008F
:1068A00000000000000000000000000000000000E8
:1068B000000000000000000000000000B002002006
:1068C00000000000A82700201028002078280020C1
:1068D00000000000000000000000000000000000B8
:1068E00000000000000000000000000000000000A8
:1068F0000000000000000000000000000000000098
:0C6900000000000000000000000000008B
:040000050800448922
:00000001FF
